<?xml version="1.0" encoding="UTF-8"?>
<!DOCTYPE flow>
<flow xmlns="http://www.springframework.org/schema/webflow"
	xmlns:xsi="http://www.w3.org/2001/XMLSchema-instance"
	xsi:schemaLocation="http://www.springframework.org/schema/webflow 
		http://www.springframework.org/schema/webflow/spring-webflow.xsd"
	start-state="desicion">

	<secured attributes="ROLE_ADMIN" />

	<action-state id="desicion">
		<evaluate
			expression="changePasswordService.isRequiredChangePass()" />
		<transition on="yes" to="changePasswordHome" />
		<transition on="no" to="redireccionDetalleSolicitud" />	
	</action-state>
	
	<action-state id="redireccionDetalleSolicitud">
        <evaluate
            expression="changePasswordService.esRedireccion()" />
        <transition on="yes" to="detalleSolicitud" />
        <transition on="no" to="index" />
    </action-state>
    
	<view-state id="index" view="flowRedirect:init-index-flow" />

	<view-state id="maintenance"
		view="/WEB-INF/views/Administration/Seguridad/appMaintenance.xhtml"
		redirect="true" popup="true" />

	<view-state id="themes" view="flowRedirect:themes-flow" />

	<view-state id="catProductos"
		view="flowRedirect:Cat-Productos-flow" />

	<view-state id="homeCatalogoRol"
		view="flowRedirect:rolHomeCatalog-flow" />

	<view-state id="mergeRol" view="flowRedirect:rolMerge-flow" />

	<view-state id="detalleRol"
		view="flowRedirect:rolDetail-flow" />

	<view-state id="userHomeCatalog"
		view="flowRedirect:userHomeCatalog-flow" />

	<view-state id="userMerge"
		view="flowRedirect:userMerge-flow" />

	<view-state id="userDeatil"
		view="flowRedirect:userDetail-flow" />

	<view-state id="securityParamsHome"
		view="flowRedirect:securityParamsHome-flow" />

	<view-state id="changePasswordHome"
		view="flowRedirect:changePasswordHome-flow" />
	
	<view-state id="consultaSitio" view="flowRedirect:consultaSitio-flow" />
	
	<view-state id="detalleSitio" view="flowRedirect:detalleSitio-flow" />
	
	<view-state id="consultaSolicitudes" view="flowRedirect:consultaSolicitudes-flow" />
	
	<view-state id="detalleSolicitud" view="flowRedirect:detalleSolicitud-flow" />
	
	<view-state id="usuarioConcesionario" view="flowRedirect:usuarioConcesionario-flow" />
	
	<view-state id="altaUsuarioConcesionario" view="flowRedirect:altaUsuarioConcesionario-flow" />
	
	<view-state id="editarUsuarioConcesionario" view="flowRedirect:editarUsuarioConcesionario-flow" />
	
	<view-state id="userHomeAdmin" view="flowRedirect:usuarioAdministrador-flow" />
	
	<view-state id="altaUsuarioAdministrador" view="flowRedirect:altaUsuarioAdministrador-flow" />
	
	<view-state id="editarUsuarioAdministrador" view="flowRedirect:editarUsuarioAdministrador-flow" />
	
	<view-state id="detalleObraCivil" view="flowRedirect:detalleObraCivil-flow" />
	
	<view-state id="gestionObraCivil" view="flowRedirect:gestionObraCivil-flow" />
    
    <view-state id="incidenciasHome" view="flowRedirect:incidenciasHome-flow" />
    
    <view-state id="incidenciasBitacora" view="flowRedirect:incidenciasBitacora-flow" />
    
    <view-state  id="incidenciasMantenimiento" view="flowRedirect:incidenciasMantenimiento-flow"/>
    
    <view-state  id="incidenciasBitacoraConcesionario" view="flowRedirect:incidenciasBitacoraConcesionario-flow"/>
    
	<view-state id="error" view="flowRedirect:error-flow"
		redirect="true" popup="true" />

	<end-state id="logout"
		view="externalRedirect:servletRelative:/logout?activeTab=springSecurity" />

	<global-transitions>
		<transition on="home" to="index" />
		<transition on="themes" to="themes" />
		<transition on="catProductos" to="catProductos" />
		<transition on="homeCatalogoRol" to="homeCatalogoRol" />
		<transition on="mergeRol" to="mergeRol" />
		<transition on="userHomeCatalog" to="userHomeCatalog" />
		<transition on="logout" to="logout" />
		<transition on="error" to="error" />
		<transition on="userMerge" to="userMerge" />
		<transition on="detalleRol" to="detalleRol" />
		<transition on="userDeatil" to="userDeatil" />
		<transition on="securityParamsHome" to="securityParamsHome" />
		<transition on="changePasswordHome" to="changePasswordHome" />
		<transition on="maintenance" to="maintenance" />
        <transition on="consultaSitio" to="consultaSitio"/>
        <transition on="detalleSitio" to="detalleSitio"/>
        <transition on="consultaSolicitudes" to="consultaSolicitudes"/>
        <transition on="detalleSolicitud" to="detalleSolicitud"/>
        <transition on="usuarioConcesionario" to="usuarioConcesionario"/>
        <transition on="altaUsuarioConcesionario" to="altaUsuarioConcesionario"/>
        <transition on="editarUsuarioConcesionario" to="editarUsuarioConcesionario"/>
        <transition on="userHomeAdmin" to="userHomeAdmin"/>
        <transition on="altaUsuarioAdministrador" to="altaUsuarioAdministrador"/>
        <transition on="editarUsuarioAdministrador" to="editarUsuarioAdministrador"/>
        <transition on="detalleObraCivil" to="detalleObraCivil"/>
		<transition on="gestionObraCivil" to="gestionObraCivil"/>
		<transition on="incidenciasHome" to="incidenciasHome"/>
		<transition on="incidenciasBitacora" to="incidenciasBitacora"/>
		<transition on="incidenciasMantenimiento" to="incidenciasMantenimiento"/>
		<transition on="incidenciasBitacoraConcesionario" to="incidenciasBitacoraConcesionario"/>
	
	</global-transitions>

	<exception-handler bean="flowExceptionHandler" />

</flow>