<?xml version='1.0' encoding='UTF-8'?>
<faces-config xmlns="http://java.sun.com/xml/ns/javaee"
	xmlns:xsi="http://www.w3.org/2001/XMLSchema-instance"
	xsi:schemaLocation="http://java.sun.com/xml/ns/javaee http://java.sun.com/xml/ns/javaee/web-facesconfig_2_0.xsd"
	version="2.0">
	<application>
		<el-resolver>org.springframework.web.jsf.el.SpringBeanFacesELResolver</el-resolver>
		<resource-bundle>
			<base-name>config.properties.desktop</base-name>
			<var>desktop</var>
		</resource-bundle>
		<resource-bundle>
			<base-name>config.properties.catalogos</base-name>
			<var>catalogo</var>
		</resource-bundle>
		<resource-bundle>
			<base-name>config.properties.complemento-pago</base-name>
			<var>labelsComplementoPago</var>
		</resource-bundle>
		<resource-bundle>
			<base-name>config.properties.mensajes</base-name>
			<var>mensajes</var>
		</resource-bundle>
		<resource-bundle>
			<base-name>config.properties.usuarios</base-name>
			<var>msguser</var>
		</resource-bundle>

		<resource-bundle>
			<base-name>config.properties.botones</base-name>
			<var>msgbutton</var>
		</resource-bundle>

		<resource-bundle>
			<base-name>config.properties.bitacora</base-name>
			<var>msglog</var>
		</resource-bundle>

		<resource-bundle>
			<base-name>config.properties.roles</base-name>
			<var>msgrole</var>
		</resource-bundle>

		<resource-bundle>
			<base-name>config.properties.parametros</base-name>
			<var>msgparam</var>
		</resource-bundle>

		<resource-bundle>
			<base-name>config.properties.password</base-name>
			<var>msgpass</var>
		</resource-bundle>

		<resource-bundle>
			<base-name>config.properties.monitor</base-name>
			<var>msgmonitor</var>
		</resource-bundle>

		<resource-bundle>
			<base-name>config.properties.prepago</base-name>
			<var>msgprepago</var>
		</resource-bundle>

		<resource-bundle>
			<base-name>config.properties.adminFact</base-name>
			<var>msgAdminFact</var>
		</resource-bundle>



	</application>

	<factory>
		<exception-handler-factory>
			mx.telcel.com.di.sosam.gsfi.sitx.seg.web.exception.CustomFacesExceptionHandlerFactory
		</exception-handler-factory>
	</factory>

</faces-config>