<?xml version="1.0" encoding="UTF-8"?>
<!DOCTYPE hibernate-mapping PUBLIC "-//Hibernate/Hibernate Mapping DTD 3.0//EN" "http://hibernate.sourceforge.net/hibernate-mapping-3.0.dtd" >
<hibernate-mapping>

	<sql-query name="T3SEGC_ANTE.SELECT_ANTENAS">
		SELECT *
		FROM BDDSEG01.T3SEGC_ANTE WHERE ID_FACTIBILIDAD = ?
	</sql-query>
	
	<sql-query name="T3SEGO_TORRE.POR_ID">
		SELECT DESCRIPCION
		FROM BDDSEG01.T3SEGC_TIPO_TORR WHERE ID_TIPO_TORRE = ?
	</sql-query>
	
	<sql-query name="T3SEGO_FACTI.POR_FOLIO">
		SELECT ID_FACTIBILIDAD
		FROM BDDSEG01.T3SEGO_FACTI WHERE ID_FOLIO = ?
	</sql-query>

	<sql-query name="T3SEGO_FACTI.INSERT">
		INSERT INTO BDDSEG01.T3SEGO_FACTI
		(ID_FACTIBILIDAD, NIVEL_CENTRO_RADIACION, AREA_REQUERIDA, ID_FOLIO, FECHA)
		VALUES (
		BDDSEG01.SQ3SEGO_FACTI.nextval,
		?,
		?,
		?,
		?)
	</sql-query>
	
	<sql-query name="T3SEGO_BITA.INSERT">
		INSERT INTO BDDSEG01.T3SEGO_BITA
		(ID_BITACORA, ID_SOLICITUD, ID_USUARIO, ID_EMPRESA, ID_ESTATUS_FLUJO, FECHA_MOVIMIENTO, ID_ACCION, MOTIVO_RECHAZO)
		VALUES (
		BDDSEG01.SQ3SEGO_FACTI.nextval,
		?,
		?,
		?,
		?,
		?,
		?,
		?)
	</sql-query>
	
	<sql-query name="T3SEGO_FACTI_RESU.UPDATE">
		UPDATE BDDSEG01.T3SEGO_FACTI
		SET
			ID_TIPO_TORRE = ?,
			ALTURA_TOTAL = ?,
			NIVEL_CENTRO_RAD_DISPO = ?,
			AREA_DISPONIBLE_PISO = ?,
			RECUPERACION_ESPACIO = ?,
			ADECUACION = ?,
			FACTI_INCREMENTO_TORRE = ?,
			ESPACIO_ADICIONAL_PISO = ?,
			OBSERVACIONES_INFRA = ?,
			LICENCIAS = ?,
			DETALLE_LICENCIAS = ?,
			FECHA_INICIO = ?,
			FECHA_TERMINO = ?,
			RENTA_PISO_ATUALIZADA = ?,
			RENTA_PISO_CONCESIONARIO = ?,
			RENTA_TORRE = ?,
			ACCESO = ?,
			OBSERVACIONES_OCUPACION = ?,
			FACTI_SUMINISTRO = ?,
			FACTI_LINEA_SUMINISTRO_ELEC = ?,
			OBS_ENERGIA_ELCTRICA = ?,
			FACTI_AIRE = ?,
			FACTI_ELEMENTOS_AUXILIARES = ?,
			OBS_OTROS_ELEMENTOS = ?
		WHERE
			ID_FACTIBILIDAD = ?
	</sql-query>
	
	<sql-query name="T3SEGO_FACTI_RESU.UPDATE_MR">
		UPDATE BDDSEG01.T3SEGO_FACTI
		SET
			MOTIVO_RECHAZO = ?
		WHERE
			ID_FACTIBILIDAD = ?
	</sql-query>
	
	<sql-query name="T3SEGC_ANTE.INSERT">
		INSERT INTO BDDSEG01.T3SEGC_ANTE
		(ID_ANTENA, TIPO, DIMENCIONES, PESO, ID_FACTIBILIDAD)
		VALUES (
		BDDSEG01.SQ3SEGC_ANTE.nextval,
		?,
		?,
		?,
		?)
	</sql-query>
	
	<sql-query name="T3Segcserv.SELECT_TORRES">
		select id_tipo_torre||':'||DESCRIPCION FROM bddseg01.t3segc_tipo_torr
	</sql-query>
	
	<sql-query name="T3Segcserv.SELECT_TIPO_ANTENAS">
		select DESCRIPCION FROM bddseg01.t3segc_tipo_ante
	</sql-query>

	<sql-query name="T3SEGO_FACTI.SELECT_ID">
		SELECT MAX(ID_FACTIBILIDAD)
		FROM BDDSEG01.T3SEGO_FACTI
	</sql-query>
	
	<sql-query name="T3SEGO_SOLI_UPDATE_ESTADO">
		UPDATE BDDSEG01.T3SEGO_SOLI
		SET
			ID_ESTADO_SOLI = ?
		WHERE
			ID_FOLIO = ?
	</sql-query>
        
        <sql-query name="T3SEGO_SOLI_COLO_INSERCION">
            INSERT INTO BDDSEG01.T3SEGO_SOLI_COLO SOLICITUD_COLOCACION
                (SOLICITUD_COLOCACION.ID_FOLIO, SOLICITUD_COLOCACION.L_TRANS_RF_CALIBRE, SOLICITUD_COLOCACION.L_TRANS_MW_CALIBRE,
                SOLICITUD_COLOCACION.SUPERFICIE, SOLICITUD_COLOCACION.C_TRANSFORMADOR,
                SOLICITUD_COLOCACION.OBSERVACIONES, SOLICITUD_COLOCACION.OBSERVACIONES_TELCEL)
                VALUES (?,?,?,?,?,?,?)
        </sql-query>
        <sql-query name="T3SEGO_SOLI_COLO_ESP_TOR_INSERCION">
            INSERT INTO BDDSEG01.T3SEGO_SOLI_COLO_ESP_TOR ESPACIO_TORRE
            (ESPACIO_TORRE.ID_FOLIO, ESPACIO_TORRE.TIPO_ANTENA, 
            ESPACIO_TORRE.ORIENTACION, ESPACIO_TORRE.NCR, 
            ESPACIO_TORRE.DIMENSIONES, ESPACIO_TORRE.FRE_RX, 
            ESPACIO_TORRE.FRE_TX, ESPACIO_TORRE.PESO)
            VALUES (?,?,?,?,?,?,?,?)
        </sql-query>
        <sql-query name="T3SEGO_SOLI_COLO_ESP_PIS_INSERCION">
            INSERT INTO BDDSEG01.T3SEGO_SOLI_COLO_ESP_PIS ESPACIO_PISO
            (ESPACIO_PISO.ID_FOLIO, ESPACIO_PISO.GABINETE, ESPACIO_PISO.TECNOLOGIA, ESPACIO_PISO.SUPERFICIE)
            VALUES (?,?,?,?)
        </sql-query>
        <sql-query name="T3SEGD_SOLI_ARCH_INSERCION">
            INSERT INTO BDDSEG01.T3SEGD_SOLI_ARCH ARCHIVO
            (ARCHIVO.ID_ARCHIVO,
            ARCHIVO.RUTA,
            ARCHIVO.DESCRIPCION,
            ARCHIVO.NOMBRE_ARCHIVO,
            ARCHIVO.TAMANIO,
            ARCHIVO.FECHA_CARGA,
            ARCHIVO.REVISION,
            ARCHIVO.USUARIO,
            ARCHIVO.ID_SECCION,
            ARCHIVO.ID_FOLIO)
            VALUES (
            BDDSEG01.SQ3SEGD_ARCH.NEXTVAL,
            ?,?,?,?,SYSDATE,?,?,?,?)
        </sql-query>
        
        <sql-query name="T3SEGD_SOLI_ARCH_UPDATE">
            UPDATE BDDSEG01.T3SEGD_SOLI_ARCH SET
            RUTA = ?,
            DESCRIPCION = ?,
            NOMBRE_ARCHIVO = ?,
            TAMANIO = ?,
            FECHA_CARGA = TRUNC(SYSDATE),
            REVISION = ?,
            USUARIO = ?,
            ID_SECCION = ?
            WHERE NOMBRE_ARCHIVO = ?
            AND ID_FOLIO = ?
        </sql-query>
        <sql-query name="T3SEGD_SOLI_ARCH_DELETE">
            DELETE FROM BDDSEG01.T3SEGD_SOLI_ARCH
            WHERE ID_FOLIO = ?
            AND NOMBRE_ARCHIVO = ?
        </sql-query>
        <sql-query name="T3SEGO_SOLI_COLO_ESP_TOR_ACTUALIZAR">
            UPDATE BDDSEG01.T3SEGO_SOLI_COLO_ESP_TOR ESPTOR
                SET
                ESPTOR.ORIENTACION = ?,
                ESPTOR.NCR = ?,
                ESPTOR.DIMENSIONES = ?,
                ESPTOR.FRE_RX = ?,
                ESPTOR.FRE_TX = ?,
                ESPTOR.PESO = ?
                WHERE ESPTOR.ID_FOLIO = ?
                AND ESPTOR.TIPO_ANTENA = ?
        </sql-query>
        <sql-query name="T3SEGO_SOLI_COLO_ESP_PIS_ACTUALIZAR">
            UPDATE BDDSEG01.T3SEGO_SOLI_COLO_ESP_PIS ESPIS
            SET
            ESPIS.TECNOLOGIA = ?,
            ESPIS.SUPERFICIE = ?
            WHERE ESPIS.ID_FOLIO = ?
            AND ESPIS.GABINETE = ?
        </sql-query>
        <sql-query name="T3SEGO_SOLI_COLO_ACTUALIZAR">
            UPDATE BDDSEG01.T3SEGO_SOLI_COLO COLO
            SET
            COLO.L_TRANS_RF_CALIBRE = ?,
            COLO.L_TRANS_MW_CALIBRE = ?,
            COLO.SUPERFICIE = ?,
            COLO.C_TRANSFORMADOR = ?,
            COLO.OBSERVACIONES = ?,
            COLO.OBSERVACIONES_TELCEL = ?
            WHERE COLO.ID_FOLIO = ?
        </sql-query>
        <sql-query name="T3SEGO_SOLI_COLO_ESP_TOR_ELIMINAR">
            DELETE BDDSEG01.T3SEGO_SOLI_COLO_ESP_TOR
            WHERE ID_FOLIO = ?
            AND TIPO_ANTENA = ?
        </sql-query>
        <sql-query name="T3SEGO_SOLI_COLO_ESP_PIS_ELIMINAR">
            DELETE BDDSEG01.T3SEGO_SOLI_COLO_ESP_PIS
            WHERE ID_FOLIO = ?
            AND GABINETE = ?
        </sql-query>
        
        <sql-query name="T3SEGO_PROG_COLO">
			INSERT INTO BDDSEG01.T3SEGO_PROG_COLO
			(ID_PROGRAMA_COLOCACION, SEMANA, ACTIVIDAD, FECHA_INICIO_PROGRAMADA, FECHA_FINAL_PROGRAMADA, ID_FOLIO)
			VALUES (
			BDDSEG01.SQ3SEGO_PROG_COLO.nextval,
			?,
			?,
			?,
			?,
			?)
		</sql-query>
		<sql-query name="T3SEGO_VERI_COLO_INSERCION">
        	INSERT INTO BDDSEG01.T3SEGO_VERI_COLO(ID_VERIFICACION_COLOCACION, AREA_PISO, ESPACIO_LINEAL, REVISION_PISO, REVISION_TORRE, FECHA_CREACION, ID_FOLIO)
			VALUES (
			BDDSEG01.SQ3SEGO_VERI_COLO.nextval,
			?,
			?,
			?,
			?,
			SYSDATE,
			?)
		</sql-query>
			<sql-query name="T3SEGO_VERI_COLO_UPDATE">
				UPDATE BDDSEG01.T3SEGO_VERI_COLO SET OBSERVACIONES_VERIFICACION = ? WHERE
				ID_FOLIO = ?
			</sql-query>
			<sql-query name="T3SEGO_VERI_COLO_CORRECCION_UPDATE">
				UPDATE BDDSEG01.T3SEGO_VERI_COLO SET AREA_PISO = ?, ESPACIO_LINEAL = ?,
				REVISION_PISO = ?, REVISION_TORRE = ?, OBSERVACIONES_VERIFICACION = ''
				WHERE ID_FOLIO = ?
			</sql-query>
		
		
</hibernate-mapping>