<?xml version="1.0" encoding="UTF-8"?>
<!DOCTYPE hibernate-mapping PUBLIC "-//Hibernate/Hibernate Mapping DTD 3.0//EN" "http://hibernate.sourceforge.net/hibernate-mapping-3.0.dtd" >
<hibernate-mapping>

	<sql-query name="T3SEGO_ELAB_PROY_PREP.INSERT">
		INSERT INTO BDDSEG01.T3SEGO_ELAB_PROY_PREP
		(ID_PROYECTO, OBSERVACIONES_SOLICITUD, FECHA_CREACION, ID_FOLIO)
		VALUES (
		BDDSEG01.SQ3SEGO_PROY_PREP.nextval,
		?,
		SYSDATE,
		?)
	</sql-query>
	
	<sql-query name="T3SEGO_SOLI.UPDATE">
		UPDATE BDDSEG01.T3SEGO_SOLI
		SET
			ID_ESTADO_SOLI = ?
		WHERE
			ID_FOLIO = ?
	</sql-query>
	
	<sql-query name="T3SEGO_ELAB_PROY_PREP.ATENCION">
		UPDATE BDDSEG01.T3SEGO_ELAB_PROY_PREP
		SET
			OBSERVACIONES_ATENCION = ?
		WHERE
			ID_PROYECTO = ?
	</sql-query>
	
	<sql-query name="T3SEGO_ELAB_PROY_PREP.RECHAZO">
		UPDATE BDDSEG01.T3SEGO_ELAB_PROY_PREP
		SET
			MOTIVO_RECHAZO = ?
		WHERE
			ID_PROYECTO = ?
	</sql-query>
	
	<sql-query name="T3SEGO_ELAB_PROY_PREP.CORRECCION">
		UPDATE BDDSEG01.T3SEGO_ELAB_PROY_PREP
		SET
			OBSERVACIONES_SOLICITUD = ?
		WHERE
			ID_PROYECTO = ?
	</sql-query>
	
	<sql-query name="T3SEGD_SOLI_ARCH.ELIMINAR">
		DELETE FROM BDDSEG01.T3SEGD_SOLI_ARCH WHERE ID_ARCHIVO = ?
	</sql-query>
	
	<sql-query name="T3SEGO_ELAB_PROY_PREP.ADECUACION_RECUPERACION">
		UPDATE BDDSEG01.T3SEGO_ELAB_PROY_PREP
		SET
			ID_TIPO_SOLICITUD = ?, OBSERVACIONES_RECUPERACION = ?, OBSERVACIONES_ADECUACION = ?
		WHERE
			ID_PROYECTO = ?
	</sql-query>

</hibernate-mapping>