<?xml version="1.0" encoding="UTF-8"?>
<!DOCTYPE hibernate-mapping PUBLIC "-//Hibernate/Hibernate Mapping DTD 3.0//EN" "http://hibernate.sourceforge.net/hibernate-mapping-3.0.dtd" >
<hibernate-mapping>

	<query name="TsegcBitacoraSox.SELECT_COUNT_BITACORA_BY_ID">
		SELECT COUNT(bitacora.idBitacora)
			FROM T7segbBita bitacora
				WHERE bitacora.idUsuario = :idUsuario
					ORDER BY bitacora.fechaOperacion DESC
	</query>

	<query name="TsegcBitacoraSox.SELECT_COUNT_BITACORA">
		SELECT COUNT(bitacora.idBitacora)
			FROM T7segbBita bitacora
				ORDER BY bitacora.fechaOperacion DESC
	</query>
	
	<query name="TsegcBitacoraSox.SELECT_BITACORA_BY_ID">
		SELECT bitacora, acciones.descripcion
			FROM T7segbBita bitacora, T7segcAcci acciones
				WHERE bitacora.idUsuario = :idUsuario
					AND acciones.idAccion = bitacora.idAccion
					ORDER BY bitacora.fechaOperacion DESC
	</query>

	<query name="TsegcBitacoraSox.SELECT_BITACORA">
		SELECT bitacora, acciones.descripcion
			FROM T7segbBita bitacora, T7segcAcci acciones
				WHERE acciones.idAccion = bitacora.idAccion
					ORDER BY bitacora.fechaOperacion DESC
	</query>
	
	

</hibernate-mapping>