<?xml version="1.0" encoding="UTF-8"?>
<!DOCTYPE hibernate-mapping PUBLIC "-//Hibernate/Hibernate Mapping DTD 3.0//EN" "http://hibernate.sourceforge.net/hibernate-mapping-3.0.dtd" >
<hibernate-mapping>

	<sql-query name="T3SEGC_OBRA.SELECT_GESTION_OBRA_CIVIL">
		SELECT obra.ID_OBRA AS "idObra", obra.NOMBRE AS "nombre", obra.COLONIA AS "colonia", obra.CODIGO_POSTAL AS "codigoPostal", obra.LATITUD AS "latitud", obra.LONGITUD AS "longitud", obra.VIENTO AS "viento", obra.CLASIFICACION AS "clasificacion", 
			obra.FECHA_INICIO AS "fechaInicio", obra.GRUPO_OPERADOR AS "grupoOperador", obra.ID_MUNICIPIO AS "idMunicipio", muni.NOMBRE AS "descMunicipio", esta.ID_ESTADO AS "idEstado", 
			esta.NOMBRE AS "descEstado", sitio.ID_TIPO_SITIO AS "idTipoSitio", sitio.DESCRIPCION AS "descTipoSitio", torre.ID_TIPO_TORRE AS "idTipoTorre", torre.DESCRIPCION AS "descTipoTorre", muni.ID_REGION AS "region" ,obra.ESTATUS AS "estatus"
		FROM BDDSEG01.T3SEGC_OBRA obra, BDDSEG01.T3SEGC_MUNICIPIO muni, BDDSEG01.T3SEGC_ESTADO esta, BDDSEG01.T3SEGC_TIPO_SITI sitio,  BDDSEG01.T3SEGC_TIPO_TORR torre
		WHERE obra.ID_MUNICIPIO = muni.ID_MUNICIPIO
			AND muni.ID_ESTADO = esta.ID_ESTADO
			AND obra.ID_TIPO_SITIO = sitio.ID_TIPO_SITIO
			AND obra.ID_TIPO_TORRE = torre.ID_TIPO_TORRE
			AND (muni.ID_REGION = :region or '0' = :region)
			AND (muni.ID_ESTADO = :estado or 0 = :estado)
			AND (muni.ID_MUNICIPIO = :municipio or 0 = :municipio)
	</sql-query>

	<sql-query name="T3SEGC_MUNICIPIO.SELECT_LISTA_REGION">
		SELECT DISTINCT ID_REGION FROM BDDSEG01.T3SEGC_MUNICIPIO ORDER BY 1
	</sql-query>
	
	<sql-query name ="T3SEGC_MUNICIPIO.SELECT_LISTA_ESTADO">
		SELECT DISTINCT esta.ID_ESTADO AS "idEstado", esta.NOMBRE AS "nombre", esta.ESTATUS AS "estatus" 
			FROM BDDSEG01.T3SEGC_MUNICIPIO muni, BDDSEG01.T3SEGC_ESTADO esta
				WHERE muni.ID_ESTADO = esta.ID_ESTADO
				AND muni.ID_REGION = :region
				ORDER BY 2
	</sql-query>
	
	<sql-query name ="T3SEGC_MUNICIPIO.SELECT_LISTA_MUNICIPIO">
		SELECT DISTINCT muni.ID_MUNICIPIO AS "idMunicipio", muni.NOMBRE AS "nombre", muni.ID_ESTADO AS "idEstado", muni.ID_REGION AS "idRegion", muni.ESTATUS AS "estatus" 
			FROM BDDSEG01.T3SEGC_MUNICIPIO muni
				WHERE muni.ID_REGION = :region
				AND muni.ID_ESTADO = :estado
				ORDER BY 2
	</sql-query>
	
</hibernate-mapping> 