<?xml version="1.0" encoding="UTF-8"?>
<Configuration xmlns="https://logging.apache.org/xml/ns"
               xmlns:xsi="http://www.w3.org/2001/XMLSchema-instance"
               xsi:schemaLocation="
                   https://logging.apache.org/xml/ns
                   https://logging.apache.org/xml/ns/log4j-config-2.xsd">
   <Appenders>
    <Console name="CONSOLE">
      <PatternLayout pattern="%d{dd MMM yyyy HH:mm:ss,SSS} %-5p %c - %m%n"/>
    </Console>
    <File name="MAIN" fileName="/orbi/logs/LOGSSEG/SEG-Infraestructura-out.log"> 
      <PatternLayout pattern="%d{dd MMM yyyy HH:mm:ss,SSS} %-5p %c - %m%n"/>
    </File>
  </Appenders>
  <Loggers>
    <Root level="INFO"> 
      <AppenderRef ref="CONSOLE"/>
      <AppenderRef ref="MAIN"/>
    </Root>
  </Loggers>
</Configuration>