<?xml version="1.0" encoding="ISO-8859-1"?>
<!DOCTYPE flow>
<flow   xmlns="http://www.springframework.org/schema/webflow"
        xmlns:xsi="http://www.w3.org/2001/XMLSchema-instance"
        xsi:schemaLocation="http://www.springframework.org/schema/webflow 
                            http://www.springframework.org/schema/webflow/spring-webflow.xsd"
        parent="parent-flow"
        start-state="incidenciasMantenimiento">

    <secured attributes="ROLE_ADMIN"/>

    <view-state id="incidenciasMantenimiento"
                view="/WEB-INF/views/Incidencias/mantenimientoIncidencias.xhtml"
                popup="true"
                redirect="true">
        <on-entry>
           
            <evaluate expression="incidenciaBean.cargaInicial(flowRequestContext)"/>
           
            <evaluate expression="consultaIncidenciasBean.verBitacora(consultaIncidenciasBean.incidenciaSeleccionada)"/>
        </on-entry>
        <exception-handler bean="flowExceptionHandler"/>
    </view-state>

</flow>
