<?xml version="1.0" encoding="ISO-8859-1"?>
<!DOCTYPE flow>

<flow   xmlns="http://www.springframework.org/schema/webflow"
    xmlns:xsi="http://www.w3.org/2001/XMLSchema-instance"
    xsi:schemaLocation="http://www.springframework.org/schema/webflow 
                        http://www.springframework.org/schema/webflow/spring-webflow.xsd"
	parent="parent-flow" start-state="detalleSolicitud">
	<secured attributes="ROLE_ADMIN" />
	<view-state id="detalleSolicitud"
		view="/WEB-INF/views/Solicitudes/detalleSolicitud.xhtml" popup="true"
		redirect="true">
		<on-entry>
			<evaluate expression="detalleSolicitudBean.cargaInicial(flowRequestContext)"/>
			<evaluate expression="solicitudAnalisisFactibilidadBean.cargaInicial(flowRequestContext)"/>
			<evaluate expression="resultadoAnalisisFactibilidadBean.cargaInicial(flowRequestContext)"/>
			<evaluate expression="solicitudProyectoPresupuestoBean.cargaInicial(flowRequestContext)"/>
			<evaluate expression="visitaTecnicaBean.cargaInicial(flowRequestContext)"/>
			<evaluate expression="solicitudInformacionBean.cargaInicial(flowRequestContext)"/>
                        <evaluate expression="colocacionBean.cargaInicial(flowRequestContext)"/>		
		</on-entry>
		<exception-handler bean="flowExceptionHandler" />
	</view-state>
</flow>
