<?xml version="1.0" encoding="UTF-8"?>
<!DOCTYPE hibernate-mapping PUBLIC "-//Hibernate/Hibernate Mapping DTD 3.0//EN" "http://hibernate.sourceforge.net/hibernate-mapping-3.0.dtd" >
<hibernate-mapping>
	<sql-query name="TsegcUsuario.SELECT_USERS_FOR_REPORT">
		SELECT usuario.USUARIO AS idUsuario,
     		externo.NUMERO_EMPLEADO AS numeroEmpleado_externo,
      		interno.NUMERO_EMPLEADO AS numeroEmpleado_interno,
			usuario.NOMBRE AS nombre,
			usuario.APELLIDO_PATERNO AS apellidoPaterno,
			usuario.APELLIDO_MATERNO AS apellidoMaterno,
			tipoUsuario.TIPO_USUARIO AS idTipoUsuario,
			tipoUsuario.DESCRIPCION AS tipoUsuarioNombre,
			estatus.ESTATUS AS idEstatus,
			estatus.VALOR AS estatusNombre,
			rol.ROL AS idRol,
			rol.NOMBRE AS rolNombre,
      		usuario.FECHA_LOGUEO AS fechaLogueo
		FROM BDDSEG01.T7SEGO_USUA usuario 
      		LEFT JOIN BDDSEG01.T7SEGR_CROL_CUSUA usuarioRol ON usuario.USUARIO = usuarioRol.USUARIO
			LEFT JOIN BDDSEG01.T7SEGC_TIPO_USUA tipoUsuario ON usuario.TIPO_USUARIO = tipoUsuario.TIPO_USUARIO
			LEFT JOIN BDDSEG01.T7SEGC_ESTA estatus ON usuario.ESTATUS = estatus.ESTATUS
      		LEFT JOIN BDDSEG01.T7SEGC_ROL rol ON usuarioRol.ROL = rol.ROL
      		LEFT JOIN BDDSEG01.T7SEGO_DATO_USUA_EXTE externo ON (usuario.USUARIO = externo.USUARIO
            	                                      AND usuario.TIPO_USUARIO = 1)
      		LEFT JOIN BDDSEG01.T7SEGO_DATO_USUA_INTE interno ON (usuario.USUARIO = interno.USUARIO
            	                                      AND usuario.TIPO_USUARIO = 0)
        	ORDER BY usuario.TIPO_USUARIO ASC, usuario.USUARIO ASC
	</sql-query>
	
	<query name="TsegcUsuario.SELECT_EXTERNAL_USER_BY_ID">
		SELECT DISTINCT usuario, datosExternos, datosInternos, rol, responsable, rolAcl, aplicaciones
			FROM T7segoUsua usuario, T7segoDatoUsuaExte datosExternos, T7segoDatoUsuaInte datosInternos, 
			T7segcRol rol, T7segoUsua responsable,T7segrCapliCrolRapti rolAcl
				LEFT JOIN rol.tsegcAplicacions aplicaciones
				WHERE usuario.idUsuario = :idUsuario
					AND datosExternos.id.idUsuario = usuario.idUsuario
					AND responsable.idUsuario = datosExternos.idResponsable
					AND rolAcl.idRol = usuario.tsegcRol.idRol
					AND datosExternos.idResponsable = datosInternos.id.idUsuario
	</query>
	
	<query name="TsegcUsuario.SELECT_INTERNAL_USER_BY_ID">
		SELECT DISTINCT usuario, datosInternos, rol, rolAcl, aplicaciones
			FROM T7segoUsua usuario, T7segoDatoUsuaInte datosInternos, 
			T7segcRol rol, T7segrCapliCrolRapti rolAcl
				LEFT JOIN rol.tsegcAplicacions aplicaciones
				WHERE usuario.idUsuario = :idUsuario
					AND usuario.idUsuario = datosInternos.id.idUsuario
					AND rolAcl.idRol = usuario.tsegcRol.idRol
					AND rol.idRol = usuario.tsegcRol.idRol
	</query>
	
	<query name="TsegcUsuario.SELECT_USER_LOGIN_BY_USER_NAME">
		SELECT usuario
			FROM T7segoUsua usuario 
			WHERE usuario.idUsuario in (select externo.id.idUsuario from 
			         T7segoUsua usuario,
				     T7segoDatoUsuaExte externo
				     where   
			 		 externo.correo LIKE :userName
					 AND (usuario.idTipoUsuario = 1 or usuario.idTipoUsuario = 2 or usuario.idTipoUsuario = 3)
					 AND usuario.idUsuario = externo.id.idUsuario) 
					   OR
					usuario.idUsuario in (select interno.id.idUsuario from
				      T7segoUsua usuario,
				      T7segoDatoUsuaInte interno  
				       where 
				      interno.numeroEmpleado LIKE :userName
					  AND usuario.idTipoUsuario = 0
					  AND usuario.idUsuario = interno.id.idUsuario)		
	</query>
	
	<query name="TsegcUsuario.SELECT_USER_LOGIN_BY_ID">
		SELECT user
			FROM T7segoUsua user
				WHERE user.idUsuario = :idUsuario
	</query>
	
	<query name="TsegrRolAcl.DELETE_ROL_ACL_BY_ID_ROL">
		DELETE FROM T7segrCapliCrolRapti WHERE idRol = :idRol
	</query>
	
	<sql-query name="TsegcUsuario.SELECT_USERS_DETAILS">
		SELECT usuario.USUARIO AS idUsuario,
      		interno.NUMERO_EMPLEADO AS numeroEmpleado_interno,
      		externo.ID_ROL AS rol_externo,
			usuario.NOMBRE AS nombre,
			usuario.APELLIDO_PATERNO AS apellidoPaterno,
			usuario.APELLIDO_MATERNO AS apellidoMaterno,
			tipoUsuario.TIPO_USUARIO AS idTipoUsuario,
			tipoUsuario.DESCRIPCION AS tipoUsuarioNombre,
			estatus.ESTATUS AS idEstatus,
			estatus.VALOR AS estatusNombre,
			rol.ROL AS idRol,
			rol.DESCRIPCION AS rolNombre,
      		interno.CORREO AS correoInterno,
      		externo.CORREO AS correoExterno,
      		interno.ROL AS ROLInterno
		FROM BDDSEG01.T3SEGO_USUA usuario 
      		LEFT JOIN BDDSEG01.T3SEGR_CROL_CUSUA usuarioRol ON usuario.USUARIO = usuarioRol.USUARIO
			LEFT JOIN BDDSEG01.T3SEGC_TIPO_USUA tipoUsuario ON usuario.TIPO_USUARIO = tipoUsuario.TIPO_USUARIO
			LEFT JOIN BDDSEG01.T3SEGC_ESTA estatus ON usuario.ESTATUS = estatus.ESTATUS
      		LEFT JOIN BDDSEG01.T3SEGC_ROL rol ON usuarioRol.ROL = rol.ROL
      		LEFT JOIN BDDSEG01.T3SEGO_DATO_USUA_EXTE externo ON (usuario.USUARIO = externo.USUARIO
                                                    AND usuario.TIPO_USUARIO = 1)
      		LEFT JOIN BDDSEG01.T3SEGO_DATO_USUA_INTE interno ON (usuario.USUARIO = interno.USUARIO
                                                    AND usuario.TIPO_USUARIO = 0)
		WHERE usuario.USUARIO = :idUsuario
	</sql-query>
	
	<sql-query name="TsegcUsuario.UPDATE_USER_EXTERNAL_STATUS">
		UPDATE BDDSEG01.T3SEGO_USUA usuario 
			SET usuario.ESTATUS = :idEstatus 
				WHERE usuario.USUARIO = :idUsuario 
	</sql-query>
	
	<sql-query name="TsegcUsuario.UPDATE_USER_LOGIN_DATE">
		UPDATE BDDSEG01.T3SEGO_USUA usuario 
			SET usuario.FECHA_LOGUEO = :fecha
				WHERE usuario.USUARIO = :idUsuario 
	</sql-query>
	<sql-query name="T7PFAC_PERM_COMP.obtenerPermisosComponentes">
		SELECT C.NOMBRE_COMPONENTE, P.PERMISO FROM 
				BDDSEG01.T3PFAC_PERM_COMP P JOIN BDDSEG01.T3PFAC_COMP C 
				ON P.ID_COMPONENTE = C.ID_COMPONENTE
					WHERE P.ID_ROL = ?
	</sql-query>
	<sql-query name="TsegcHistoricopassword.INSERT_HISTORICO_CONTRA">
		INSERT INTO BDDSEG01.T3SEGB_HIST_PASS
        	(FECHA_CAMBIO_PASSWORD, MOTIVO, USUARIO, PASSWORD) 
    	VALUES
        	(:fechaCambio, :idMotivo, :idUsuario, :password)
	</sql-query>
	
	<sql-query name="TsegrAplicaionAcl.SELECT_ROL_ACL">
		SELECT rolAcl.ROL, rolAcl.APLICACION, rolAcl.COMPONENTE,
        		appAcl.PADRE, appAcl.FLUJO, appAcl.NOMBRE, tipoComp.TIPO_COMPONENTE, rolAcl.PERMISO,
        		tipoComp.VALOR, appAcl.NIVEL
		FROM BDDSEG01.T3SEGC_COMP appAcl, BDDSEG01.T3SEGR_CAPLI_CROL_RAPTI rolAcl, BDDSEG01.T3SEGC_TIPO_COMP tipoComp
			WHERE rolAcl.APLICACION = :idAplicacion
  				AND rolAcl.ROL = :idRol
  				AND rolAcl.APLICACION = appAcl.APLICACION
  				AND rolAcl.COMPONENTE = appAcl.COMPONENTE
  				AND tipoComp.TIPO_COMPONENTE = appAcl.TIPO_COMPONENTE
	</sql-query>
	
	<sql-query name="TsegrAplicaionAcl.SELECT_ACL_BY_ID_APP">
		SELECT APP.COMPONENTE, APP.APLICACION, APP.FLUJO, 
   				APP.PADRE, APP.NOMBRE, APP.DESCRIPCION, 
  				TIPOCOMP.TIPO_COMPONENTE, TIPOCOMP.VALOR
		FROM 	BDDSEG01.T3SEGC_COMP APP, BDDSEG01.T3SEGC_TIPO_COMP TIPOCOMP
		WHERE 	TIPOCOMP.TIPO_COMPONENTE = APP.TIPO_COMPONENTE
		AND 	APP.APLICACION = :APP
	</sql-query>
	
	<sql-query name="RolDaoImpl.SELECT_COUNT_ROL_IS_IN_USE">
		SELECT COUNT(rol.ROL) 
		FROM BDDSEG01.T3SEGC_ROL rol, BDDSEG01.T3SEGO_USUA usuario, 
			BDDSEG01.T3SEGR_CROL_CUSUA rolUsuario
  		WHERE rol.ROL = :idRol
    		AND rol.ROL = rolUsuario.ROL
    		AND usuario.USUARIO = rolUsuario.USUARIO
    		AND usuario.ESTATUS != 2
	</sql-query>
	
	<sql-query name="RolDaoImpl.SELECT_ROL_TYPE_IS_IN_USE">
		SELECT tipoRol.descripcion
		FROM BDDSEG01.T3SEGC_ROL rol, BDDSEG01.T3SEGC_TIPO_ROL tipoRol
  		WHERE rol.ROL = :idRol
    		AND rol.TIPO_ROL = tipoRol.TIPO_ROL
	</sql-query>
	
	<sql-query name="TsegcRolAcci.SELECT_ROL_ACCION_ESTATUS">
		SELECT rolAcci.ACCION, rolAcci.ROL, rolAcci.ESTATUS
		FROM BDDSEG01.T3SEGC_ROL_ACCI rolAcci
	</sql-query>
	
	<sql-query name="TsegcUsuario.SELECT_USERS_DETAILS_BY_EMPLEADO">
		SELECT usuario.USUARIO AS idUsuario,
      		interno.NUMERO_EMPLEADO AS numeroEmpleado_interno,
      		externo.NUMERO_EMPLEADO AS numeroEmpleado_externo,
			usuario.NOMBRE AS nombre,
			usuario.APELLIDO_PATERNO AS apellidoPaterno,
			usuario.APELLIDO_MATERNO AS apellidoMaterno,
			tipoUsuario.TIPO_USUARIO AS idTipoUsuario,
			tipoUsuario.DESCRIPCION AS tipoUsuarioNombre,
			estatus.ESTATUS AS idEstatus,
			estatus.VALOR AS estatusNombre,
			rol.ROL AS idRol,
			rol.DESCRIPCION AS rolNombre,
      		interno.CORREO AS correoInterno,
      		externo.CORREO AS correoExterno,
      		interno.ROL AS ROLInterno
		FROM BDDSEG01.T3SEGO_USUA usuario 
      		LEFT JOIN BDDSEG01.T3SEGR_CROL_CUSUA usuarioRol ON usuario.USUARIO = usuarioRol.USUARIO
			LEFT JOIN BDDSEG01.T3SEGC_TIPO_USUA tipoUsuario ON usuario.TIPO_USUARIO = tipoUsuario.TIPO_USUARIO
			LEFT JOIN BDDSEG01.T3SEGC_ESTA estatus ON usuario.ESTATUS = estatus.ESTATUS
      		LEFT JOIN BDDSEG01.T3SEGC_ROL rol ON usuarioRol.ROL = rol.ROL
      		LEFT JOIN BDDSEG01.T3SEGO_DATO_USUA_EXTE externo ON (usuario.USUARIO = externo.USUARIO
                                                    AND usuario.TIPO_USUARIO = 1)
      		LEFT JOIN BDDSEG01.T3SEGO_DATO_USUA_INTE interno ON (usuario.USUARIO = interno.USUARIO
                                                    AND usuario.TIPO_USUARIO = 0)
		WHERE interno.NUMERO_EMPLEADO = :idEmpleado
	</sql-query>
	
	<sql-query name="T7pfaoDetaCaleFact.SELECT_DETALLE_CALENDARIO">
		SELECT DISTINCT
		    A.DESCRIPCION AS GRUPO_PRODUCTO_,
		    F.ID_DETALLE_CALENDARIO,
		    F.ID_CALENDARIO_MES AS ID_CALENDARIO_MES,
		    F.ID_CALENDARIO,
		    F.FECHA_EJECUCION_PREVIO,
		    F.FECHA_ENTREGA_PREVIO,
		    F.FECHA_FACTURA,
		    F.PERIODO_INICIO,
		    F.PERIODO_FIN,
		    F.FECHA_ENTREGA,
		    F.ID_AGRUPADOR,
		    F.ID_TIPO_FACTURACION,
		    D.TIPO_FACTURACION,
		    F.ID_ESTADO_AUTORIZACION, 
		    E.DESCRIPCION,
    		(CASE WHEN F.ID_USUARIO_AUTORIZADOR IS NULL THEN NULL ELSE (B.NOMBRE || ' ' ||B.APELLIDO_PATERNO || ' ' || B.APELLIDO_MATERNO) END) AS "NOMBRE",
		    F.ID_USUARIO_AUTORIZADOR,
		    F.INDICADOR_INTERFAZ,
		    F.NOMBRE_ARCHIVO,
		    F.USUARIO_MODIFICACION,
		    F.FECHA_MODIFICACION,
		    F.GRUPO_PRODUCTO
		FROM 
		    BDDSEG01.T1ALLC_GRUP_PROD A,
		    BDDSEG01.T7SEGO_USUA B,
		    BDDSEG01.T7PFAC_USUA_CALE_AUTO C,
		    BDDSEG01.T7PFAC_TIPO_FACT D,
		    BDDSEG01.T7PFAC_ESTA_SOLI E, 
		    BDDSEG01.T7PFAO_DETA_CALE_FACT F
		WHERE   
		        (F.ID_ESTADO_AUTORIZACION IN (1,2))
		    AND ((F.ID_USUARIO_AUTORIZADOR = B.USUARIO) OR (F.ID_USUARIO_AUTORIZADOR IS NULL ))
		    AND (F.ID_TIPO_FACTURACION = D.ID_TIPO_FATURACION)
		    AND (F.ID_ESTADO_AUTORIZACION = E.ID_ESTATUS_SOLICITUD)
		    AND (F.GRUPO_PRODUCTO = A.GRUPO_PRODUCTO)
		    AND (F.ID_CALENDARIO = :idCalendario) 
		    AND F.INDICADOR_INTERFAZ = 1
		    ORDER BY F.ID_DETALLE_CALENDARIO
	</sql-query>
	
	<sql-query name="T7pfaoCaleFact.SELECT_CALENDARIO">
		SELECT DISTINCT
		    A.ID_CALENDARIO,
		    A.ANIO,
		    A.ID_USUARIO_CARGA,
		    A.ID_ESTADO_AUTORIZACION,
		    (CASE WHEN A.ID_USUARIO_AUTORIZACION IS NULL THEN NULL  ELSE (B.NOMBRE || ' ' || B.APELLIDO_PATERNO || ' ' || B.APELLIDO_MATERNO) END) AS NOMBRE,
		    A.ID_USUARIO_AUTORIZACION,
		    A.FECHA_CARGA,
		    A.FECHA_AUTORIZACION,
		    A.INDICADOR_INTERFAZ,
		    A.USUARIO_MODIFICACION,
		    A.FECHA_MODIFICACION		    
		FROM
		    BDDSEG01.T7PFAO_CALE_FACT A,
		    BDDSEG01.T7SEGO_USUA B,
		    BDDSEG01.T7PFAC_USUA_CALE_AUTO C,
		    BDDSEG01.T7PFAC_ESTA_SOLI D
		WHERE
		        (A.ID_ESTADO_AUTORIZACION = D.ID_ESTATUS_SOLICITUD) 
		    AND (A.INDICADOR_INTERFAZ = :indicadorInterfaz)    
		    AND ((A.ID_USUARIO_AUTORIZACION =  B.USUARIO) 
		     OR (A.ID_USUARIO_AUTORIZACION IS NULL))
		ORDER BY
			A.ANIO DESC
	</sql-query>
	
	<sql-query name="String.SELECT_CONSULTA_SERIES_FOLIOS_POR_RANGO_ESTATUS">
		SELECT DISTINCT R.SERIE||R.FOLIO FROM
        	BDDSEG01.T7PFAD_REGI_SOLI R, BDDSEG01.T7PFAH_PROC_FACT P   
   			WHERE R.ID_SOLICITUD = P.ID_SOLICITUD
        	AND R.ESTADO_FACTURACION = :estado
        	AND P.ID_ESTATUS_FLUJO BETWEEN :facturacionProcesoEnEjecucion AND :facturacionDefinitivoAutorizado
        	AND R.SERIE||R.FOLIO IS NOT NULL
	</sql-query>
	
	<sql-query name="T7pfaoCaleFact.UPDATE_ESTADO_AUTORIZACION">
		UPDATE 
			BDDSEG01.T7PFAO_CALE_FACT
		SET
			ID_ESTADO_AUTORIZACION = ?,
			ID_USUARIO_AUTORIZACION = ?,
			FECHA_AUTORIZACION = ?,
			USUARIO_MODIFICACION = ?,
			FECHA_MODIFICACION = ?
		WHERE
			ID_CALENDARIO = ?
	</sql-query>
	
	<sql-query name="T7pfaoCaleFact.SELECT_NAME_USER">
		 SELECT DISTINCT
		    (B.NOMBRE || ' ' || B.APELLIDO_PATERNO || ' ' || B.APELLIDO_MATERNO)  AS NOMBRE  
		FROM
		    BDDSEG01.T7SEGO_USUA B
		WHERE
			B.USUARIO = ?
	</sql-query>
	
	<sql-query name="String.SELECT_CONSULTA_EMISION_FACTURACION">
		SELECT 
			TRIM(TO_CHAR(FECHA_FACTURA,'yyyyMMdd')) 
		FROM 
			BDDSEG01.T7PFAO_DETA_CALE_FACT 
		WHERE 
			FECHA_EJECUCION_PREVIO = TRUNC(SYSDATE) 
		GROUP BY 
			FECHA_FACTURA
	</sql-query>
	
	
	
	<sql-query name="T7pfaoCaleFact.SELECT_NAME_USER_BY_ID_CALENDARIO_AUTORIZADOR">
		 SELECT DISTINCT
		    (B.NOMBRE || ' ' || B.APELLIDO_PATERNO || ' ' || B.APELLIDO_MATERNO)  AS NOMBRE  
		FROM
            BDDSEG01.T7PFAC_USUA_CALE_AUTO A,
		    BDDSEG01.T7SEGO_USUA B
		WHERE
            B.USUARIO = A.ID_USUARIO AND
            A.ID_USUARIO_AUTORIZADOR = ?
	</sql-query>
	
	<sql-query name="T7pfaoDetaCaleFact.UPDATE_DETALLE_CALENDARIO">
		UPDATE
	        BDDSEG01.T7PFAO_DETA_CALE_FACT A
	    SET
	        A.ID_CALENDARIO_MES = ?,
	        A.FECHA_EJECUCION_PREVIO = ?,
	        A.FECHA_ENTREGA_PREVIO = ?,
	        A.FECHA_FACTURA = ?,
	        A.FECHA_ENTREGA = ?,
	        A.PERIODO_INICIO = ?,
	        A.PERIODO_FIN = ?,
	        A.ID_TIPO_FACTURACION = ?
	    WHERE
	        A.ID_DETALLE_CALENDARIO = ?
	</sql-query>
	
	<sql-query name="T7pfaoDetaCaleFact.UPDATE_DETALLE_CALENDARIO_AUTORIZADOR">
		UPDATE
	        BDDSEG01.T7PFAO_DETA_CALE_FACT A
	    SET
	        A.ID_CALENDARIO_MES = ?,
	        A.FECHA_EJECUCION_PREVIO = ?,
	        A.FECHA_ENTREGA_PREVIO = ?,
	        A.FECHA_FACTURA = ?,
	        A.FECHA_ENTREGA = ?,
	        A.PERIODO_INICIO = ?,
	        A.PERIODO_FIN = ?,
	        A.ID_TIPO_FACTURACION = ?,
	        A.ID_ESTADO_AUTORIZACION = 2,
	        A.ID_USUARIO_AUTORIZADOR = ?,
	        A.USUARIO_MODIFICACION = ?,
	        A.FECHA_MODIFICACION = SYSDATE
	    WHERE
	        A.ID_DETALLE_CALENDARIO = ?
	</sql-query>
		
	<sql-query name="T7pfacProdTipoMes.SELECT_ALL">
		SELECT 
			A.ID_PRODUCTO_MES, 
			A.GRUPO_PRODUCTO,
			B.DESCRIPCION AS GRUPO_PROD, 
			A.ID_TIPO_FACTURACION, 
			A.RANGO_MES, 
			A.USUARIO_MODIFICACION, 
			A.FECHA_MODIFICACION  
		FROM 
			BDDSEG01.T7PFAC_PROD_TIPO_MES A,
			BDDSEG01.T1ALLC_GRUP_PROD B
		WHERE
			(A.GRUPO_PRODUCTO = B.GRUPO_PRODUCTO)
        ORDER BY 
        	ID_PRODUCTO_MES
	</sql-query>
	
	<sql-query name="T7pfaoCaleFact.FIND_NEWEST_CALENDAR">
		SELECT 
			* 
		FROM 
			BDDSEG01.T7PFAO_CALE_FACT ORDER BY ID_CALENDARIO DESC
			FETCH FIRST 1 ROWS ONLY	
	</sql-query>
	
	<sql-query name="T7pfaoCaleFact.INSERT_NEW_CALE">
		INSERT INTO BDDSEG01.T7PFAO_CALE_FACT
		    (ID_CALENDARIO, ANIO, ID_USUARIO_CARGA, ID_ESTADO_AUTORIZACION,
		    ID_USUARIO_AUTORIZACION, FECHA_CARGA, FECHA_AUTORIZACION, 
		    INDICADOR_INTERFAZ, USUARIO_MODIFICACION, FECHA_MODIFICACION)
		VALUES
		    (BDDSEG01.SQ7PFAO_CALE_FACT.NEXTVAL, ?, ?, ?, ?, SYSDATE, ?, 1, ?, SYSDATE) 
	</sql-query>
	
	<sql-query name="T7pfaoDetaCaleFact.INSERT_DETALLE_CALENDARIO">
		INSERT INTO BDDSEG01.T7PFAO_DETA_CALE_FACT
			(ID_DETALLE_CALENDARIO,
			ID_CALENDARIO_MES,
			ID_CALENDARIO,
			GRUPO_PRODUCTO,
			FECHA_EJECUCION_PREVIO,
			FECHA_ENTREGA_PREVIO,
			FECHA_FACTURA,
			PERIODO_INICIO,
			PERIODO_FIN,
			FECHA_ENTREGA,
			ID_AGRUPADOR,
			ID_TIPO_FACTURACION,
			ID_ESTADO_AUTORIZACION,
			ID_USUARIO_AUTORIZADOR,
			INDICADOR_INTERFAZ,
			NOMBRE_ARCHIVO,
			USUARIO_MODIFICACION,
			FECHA_MODIFICACION)
		VALUES (
			BDDSEG01.SQ7PFAO_DETA_CALE_FACT.NEXTVAL,
			?,
			?,
			?,
			?,
			?,
			?,
			?,
			?,
			?,
			?,
			?,
			?,
			?,
			1,
			?,
			?,
			SYSDATE)
	</sql-query>
	
	<sql-query name="T7pfaoDetaCaleFact.UPDATE_DETALLE_CALENDARIO_ESTADO_AUTORIZACION">
		UPDATE BDDSEG01.T7PFAO_DETA_CALE_FACT 
			SET 
			ID_ESTADO_AUTORIZACION = ?,
			ID_USUARIO_AUTORIZADOR = ?,
			USUARIO_MODIFICACION = ?,
			FECHA_MODIFICACION = SYSDATE
		WHERE
			ID_DETALLE_CALENDARIO = ?
	</sql-query>
	
	<sql-query name="T7pfaaUsuaRespProd.SELECT_ALL_RESP_PROD">
	SELECT DISTINCT
	    A.ID_SOLICITUD,
	    A.ID_USUARIO_SOLICITANTE,
	    B.NOMBRE || ' ' || B.APELLIDO_PATERNO || ' ' || B.APELLIDO_MATERNO AS NOMBRE_SOLICITANTE, 
	    A.ID_ROL_RESPONSABLE ,
	    E.DESCRIPCION AS ROL,
	    A.GRUPO_PRODUCTO ,
	    C.DESCRIPCION,
	    A.ID_NIVEL ,
        F.DESCRIPCION AS NIVEL_DESCRIPCION,
	    A.ID_USUARIO_AUTORIZADOR,
	    A.ID_ESTADO_SOLICITUD,
        D.DESCRIPCION AS ESTADO_SOLICITUD,
	    A.INDICADOR_INTERFAZ,
	    A.FECHA_INICIO,
	    A.FECHA_FIN,
	    A.USUARIO_MODIFICACION
	FROM 
	    BDDSEG01.T7PFAO_SOLI_RESP_PROD A ,
	    BDDSEG01.T7SEGO_USUA B,
	    BDDSEG01.T1ALLC_GRUP_PROD C,
        BDDSEG01.T7PFAC_ESTA_SOLI D,
        BDDSEG01.T7SEGC_ROL E,
        BDDSEG01.T7PFAC_USUA_NIVEL F
	WHERE
	    A.ID_USUARIO_SOLICITANTE = B.USUARIO AND
	    A.GRUPO_PRODUCTO = C.GRUPO_PRODUCTO AND
        A.ID_ESTADO_SOLICITUD = D.ID_ESTATUS_SOLICITUD AND
        A.ID_ROL_RESPONSABLE = E.ROL AND
        A.ID_NIVEL = F.ID_NIVEL AND
	    A.ID_ESTADO_SOLICITUD IN (1,2) AND
	    A.INDICADOR_INTERFAZ = 1
	ORDER BY 
	    A.ID_ESTADO_SOLICITUD ASC, C.DESCRIPCION ASC, A.ID_SOLICITUD DESC
	</sql-query>
	
	<sql-query name="T7pfaaUsuaRespProd.SELECT_ALL_RESP_PROD_BY_ROL">
	SELECT DISTINCT
	    A.ID_SOLICITUD ,
	    A.ID_USUARIO_SOLICITANTE,
	    B.NOMBRE || ' ' || B.APELLIDO_PATERNO || ' ' || B.APELLIDO_MATERNO AS NOMBRE_SOLICITANTE, 
	    A.ID_ROL_RESPONSABLE ,
	    E.DESCRIPCION AS ROL,
	    A.GRUPO_PRODUCTO ,
	    C.DESCRIPCION,
	    A.ID_NIVEL ,
        F.DESCRIPCION AS NIVEL_DESCRIPCION,
	    A.ID_USUARIO_AUTORIZADOR,
	    A.ID_ESTADO_SOLICITUD,
        D.DESCRIPCION AS ESTADO_SOLICITUD,
	    A.INDICADOR_INTERFAZ,
	    A.FECHA_INICIO,
	    A.FECHA_FIN,
	    A.USUARIO_MODIFICACION
	FROM 
	    BDDSEG01.T7PFAO_SOLI_RESP_PROD A ,
	    BDDSEG01.T7SEGO_USUA B,
	    BDDSEG01.T1ALLC_GRUP_PROD C,
        BDDSEG01.T7PFAC_ESTA_SOLI D,
        BDDSEG01.T7SEGC_ROL E,
        BDDSEG01.T7PFAC_USUA_NIVEL F
	WHERE
	    A.ID_USUARIO_SOLICITANTE = B.USUARIO AND
	    A.GRUPO_PRODUCTO = C.GRUPO_PRODUCTO AND
        A.ID_ESTADO_SOLICITUD = D.ID_ESTATUS_SOLICITUD AND
        A.ID_ROL_RESPONSABLE = E.ROL AND
        A.ID_NIVEL = F.ID_NIVEL AND
	    A.ID_ESTADO_SOLICITUD IN (2) AND
	    A.INDICADOR_INTERFAZ = 1 AND
	    A.ID_NIVEL = 1 AND
	    A.ID_ROL_RESPONSABLE = ?
	ORDER BY 
	    A.ID_SOLICITUD, A.ID_NIVEL, A.ID_ROL_RESPONSABLE
	</sql-query>
	
	<sql-query name="T7pfaoDetaCaleFact.SAVE_NEW_DETALLE">
	INSERT INTO BDDSEG01.T7PFAO_DETA_CALE_FACT 
		(ID_DETALLE_CALENDARIO,
		ID_CALENDARIO_MES,
		ID_CALENDARIO,
		GRUPO_PRODUCTO,
		FECHA_EJECUCION_PREVIO,
		FECHA_ENTREGA_PREVIO,
		FECHA_FACTURA,
		PERIODO_INICIO,
		PERIODO_FIN,
		FECHA_ENTREGA,
		ID_AGRUPADOR,
		ID_TIPO_FACTURACION,
		ID_ESTADO_AUTORIZACION,
		ID_USUARIO_AUTORIZADOR,
		INDICADOR_INTERFAZ,
		NOMBRE_ARCHIVO,
		USUARIO_MODIFICACION,
		FECHA_MODIFICACION) 
	VALUES (
		BDDSEG01.SQ7PFAO_DETA_CALE_FACT.nextval,
		?,
		?,
		?,
		?,
		?,
		?,
		?,
		?,
		?,
		null,
		?,
		?,
		?,
		1,
		null,
		?,
		SYSDATE
		)
	</sql-query>
	
	<sql-query name="T7pfaoSoliRespProd.UPDATE_ESTATUS_SOLICITUD">
	UPDATE BDDSEG01.T7PFAO_SOLI_RESP_PROD
		SET
			ID_ESTADO_SOLICITUD = ?,
			ID_USUARIO_AUTORIZADOR = ?,
			FECHA_FIN = ?,
			USUARIO_MODIFICACION = ?
		WHERE
			ID_SOLICITUD = ?
	</sql-query>
	
	<sql-query name="T7PfaoSoliRespProd.SAVE_NEW_RESP_PROD">
	INSERT INTO BDDSEG01.T7PFAO_SOLI_RESP_PROD
		(ID_SOLICITUD ,
		ID_USUARIO_SOLICITANTE,
		ID_ROL_RESPONSABLE ,
		GRUPO_PRODUCTO ,
		ID_NIVEL ,
		ID_USUARIO_AUTORIZADOR,
		ID_ESTADO_SOLICITUD ,
		INDICADOR_INTERFAZ ,
		FECHA_INICIO ,
		FECHA_FIN ,
		USUARIO_MODIFICACION)
	VALUES (
		BDDSEG01.SQ7PFAO_SOLI_RESP_PROD.NEXTVAL,
		?,
		?,
		?,
		?,
		?,
		?,
		?,
		?,
		?,
		?
	)
	</sql-query>
	
	<sql-query name="T7PfaoSoliRespProd.UPDATE_RESP_PROD">
	UPDATE BDDSEG01.T7PFAO_SOLI_RESP_PROD
		SET
			ID_USUARIO_SOLICITANTE = ?,
			ID_ROL_RESPONSABLE = ?,
			GRUPO_PRODUCTO = ?,
			ID_NIVEL = ?,
			ID_USUARIO_AUTORIZADOR = ?,
			ID_ESTADO_SOLICITUD = ?,
			FECHA_FIN = ?,
			USUARIO_MODIFICACION = ?
		WHERE
			ID_SOLICITUD = ?
	</sql-query>
	<!-- cavilezg -->
	<sql-query name="T7pfahProcFact.INSERT_INTO_T7PFAH_PROC_FACT">
		INSERT INTO BDDSEG01.T7PFAH_PROC_FACT
			(ID_SOLICITUD,ID_TIPO_FACTURACION,FECHA_EJECUCION,
			FECHA_EMISION,ID_ESTATUS_FLUJO,NUMERO_FACTURAS,
			USUARIO_CREACION,USUARIO_MODIFICACION,FECHA_MODIFICACION) 
		VALUES(BDDSEG01.SQ7PFAH_PROC_FACT.nextval,:idTipoFacturacion,:fechaEjecucion,
			:fechaEmision,:idEstastusFlujo,:numeroFacturas,:usuarioCreacion,
			:usuarioModificacion,:fechaModificacion)
	</sql-query>
	<sql-query name="T7pfadRegiSoli.INSERT_INTO_T7PFAD_REGI_SOLI">
		INSERT INTO BDDSEG01.T7PFAD_REGI_SOLI 
				(ID_DETALLE_FACTURACION, PROCESO, FECHA_EJECUCION, EJECUCION, ID_SOLICITUD, GRUPO_PRODUCTO, GRUPO_OPERADOR, 
				SERIE, FOLIO, FECHA_INICIO, FECHA_FIN, FECHA_MINIMA, FECHA_MAXIMA, EFECTO, ANIO, MES, CICLO, TIPO_REGISTRO, 
				ESTADO, TARIFA, TIPO_COBRO, ESTADO_FACTURACION, LLAMADAS, IMPORTE_SUBTOTAL, IMPORTE_IVA, IMPORTE_TOTAL) 
				 VALUES 
				(BDDSEG01.SQ7PFAD_REGI_SOLI.nextval, :proceso, :fechaEjecucion, :ejecucion, :idSolicitud, :grupoProducto, :grupoOperador, 
				:serie, :folio, :fechaInicio, :fechaFin, :fechaMinima, :fechaMaxima, :efecto, :anio, :mes, :ciclo, :tipoRegistro, 
				:estado, :tarifa, :tipoCobro, :estadoFacturacion, :llamadas, :importeSubtotal, :importeIva ,:importeTotal)
	</sql-query>
	<sql-query name="T7pfadArchFact.INSERT_INTO_T7PFAD_ARCH_FACT">
			INSERT INTO BDDSEG01.T7PFAD_ARCH_FACT (ID_DETALLE_DOC,ID_SOLICITUD,GRUPO_PRODUCTO,ID_TIPO_DOC,ID_ESTADO_AUTORIZACION
			,USUARIO_MODIFICACION,FECHA_MODIFICACION)
			VALUES
			(BDDSEG01.SQ7PFAD_ARCH_FACT.nextval, :idSolicitud, :grupoProducto, :idTipoDoc,:idEstadoAutorizacion,
 			:usuarioModificacion,:fechaModificacion)
	</sql-query>	
	<sql-query name="T8ppfuCciclCefecCgrop.SELECT_INFO_FACTURACION_PRODUCCION">
			SELECT
			    p.descripcion                                                                        AS grupoproducto,
			    p.grupo_producto                                                                     AS cvegrupoproducto,
			    bddorb01.fnobt_camp_oper('DESCRIPCION_CORTA', c.grupo_operador, c.grupo_producto, 1) AS grupooperador,
			    c.grupo_operador                                                                     AS cvegrupooperador,
			    sf.serie,
			    c.fecha_minima,
			    c.fecha_maxima,
			    c.efecto,
			    c.tipo_cobro,
			    c.estado_facturacion,
			    c.ejecucion,
			    c.fecha_ejecucion                                             						AS fechaejecucion,
			    c.fecha_inicio                                                						AS fechainicio,
			    c.fecha_fin                                                   						AS fechafin,
			    c.anio,
			    c.mes                                                                               mes,
			    c.ciclo,
			    CASE
			        WHEN c.grupo_producto = 23 THEN
			            0
			        ELSE
			            c.tarifa
			    END                                                                                  AS tarifa,
			    SUM(c.llamadas),
			    cicl.descripcion                                                                     AS periodo,
			    C.TIPO_REGISTRO               														 AS tiporegistro,
			    c.estado                                                                             AS estado,
			    SUM(c.importe_subtotal)                                                              AS importesubtotal,
			    SUM(c.importe_iva)                                                                   AS importeiva,
			    SUM(c.importe_total)                                                                 AS importetotal,
			    DECODE(C.TIPO_REGISTRO,1,'USUARIO VISITANTE',2,'BONO','NO DISPONIBLE')               AS tiporegistroDesc
			FROM
			    bddorb01.t8ppfu_ccicl_cefec_cgrop c,
			    bddorb01.t1allc_grup_prod         p,
			    bddorb01.t8allo_cicl              cicl,
			    bddorb01.t8allu_ccicl_cefec_cgrop ciclos,
			    bddorb01.t8pfac_seri_fact         sf
			WHERE
			        c.grupo_producto = p.grupo_producto
			    AND c.anio = cicl.anio (+)
			    AND c.mes = cicl.mes (+)
			    AND c.ciclo = cicl.ciclo (+)
			    AND cicl.tipo_ciclo IN ( 1, 2 )
			    AND c.grupo_producto = ciclos.grupo_producto (+)
			    AND c.grupo_operador = ciclos.grupo_operador (+)
			    AND c.anio = ciclos.anio (+)
			    AND c.mes = ciclos.mes (+)
			    AND c.ciclo = ciclos.ciclo (+)
			    AND 122 = ciclos.estado (+)
			    AND 1 = ciclos.efecto (+)
			    AND c.grupo_producto = sf.grupo_producto
			    AND sf.documento = 1
			    AND sf.fecha_inicio &lt;= c.fecha_ejecucion
			    AND sf.fecha_fin >= c.fecha_ejecucion
			    AND sf.tipo_cobro = c.tipo_cobro
			    AND c.estado_facturacion = 122
				AND (C.GRUPO_PRODUCTO||C.GRUPO_OPERADOR||C.ANIO||C.MES||C.CICLO IN(
            		SELECT C.GRUPO_PRODUCTO||C.GRUPO_OPERADOR||C.ANIO||C.MES||C.CICLO
            		FROM BDDORB01.T8PFAO_CCICL_TAP C WHERE ESTADO = 122 GROUP BY C.GRUPO_PRODUCTO||C.GRUPO_OPERADOR||C.ANIO||C.MES||C.CICLO) OR
            		C.GRUPO_PRODUCTO||C.GRUPO_OPERADOR||C.ANIO||C.MES||C.CICLO IN(
            		SELECT C.GRUPO_PRODUCTO||C.GRUPO_OPERADOR||C.ANIO||C.MES||C.CICLO
            		FROM BDDORB01.T8ALLU_CCICL_CEFEC_CGROP C WHERE ESTADO = 122
            		GROUP BY C.GRUPO_PRODUCTO||C.GRUPO_OPERADOR||C.ANIO||C.MES||C.CICLO))
				GROUP BY
			    p.descripcion,
			    p.grupo_producto,
			    c.grupo_producto,
			    c.grupo_operador,
			    sf.serie,
			    c.ejecucion,
			    c.fecha_ejecucion,
			    c.fecha_inicio,
			    c.fecha_fin,
			    c.anio,
			    c.fecha_minima,
			    c.fecha_maxima,
			    c.efecto,
			    c.tipo_cobro,
			    c.estado_facturacion,
			    c.mes,
			    c.ciclo,
			    CASE
			        WHEN c.grupo_producto = 23 THEN
			                0
			        ELSE
			            c.tarifa
			    END,
			    cicl.descripcion,
			    c.tipo_registro,
			    c.estado
			ORDER BY
			    c.GRUPO_PRODUCTO, bddorb01.fnobt_camp_oper('DESCRIPCION_CORTA', c.grupo_operador, c.grupo_producto, 1), c.FECHA_INICIO
	</sql-query>
	<sql-query name="T7PFAD_REGI_SOLI.conteoDeEventos">
		select count(T7PFAD_REGI_SOLI.proceso) as eventos from BDDSEG01.T7PFAD_REGI_SOLI where grupo_producto=? and grupo_operador=?
		and fecha_ejecucion between (SELECT last_day(add_months(to_date(?,'dd/MM/yyyy'), -1)) + 1  FROM dual) and ( select last_day(trunc(to_date(?,'dd/MM/yyyy'),'MONTH')) from dual)
	</sql-query>
	
	<sql-query name="T7pfaoDetaImpo.SELECT_ALL">
		SELECT 
			A.ID_SOLICITUD_DESCARTE, 
			A.ID_TIPO_IMPORTE,
			A.IMPORTE,
			A.ID_USUARIO_SOLICITANTE,
			A.ID_ESTADO_AUTORIZACION,
			A.ID_USUARIO_AUTORIZADOR,
			A.FECHA_AUTORIZACION,
			A.INDICADOR_INTERFAZ,	
			A.USUARIO_MODIFICACION,
			A.FECHA_MODIFICACION,  
			B.DESCRIPCION,
			C.NOMBRE AS NOMBRE_SOLICITANTE,
			C.APELLIDO_PATERNO AS APELLIDO_PATERNO_SOLICITANTE,
			C.APELLIDO_MATERNO AS APELLIDO_MATERNO_SOLICITANTE,
			D.NOMBRE AS NOMBRE_AUTORIZADOR,
			D.APELLIDO_PATERNO AS APELLIDO_PATERNO_AUTORIZADOR,
			D.APELLIDO_MATERNO AS APELLIDO_MATERNO_AUTORIZADOR
		FROM 
			BDDSEG01.T7PFAO_DETA_IMPO A
			INNER JOIN BDDSEG01.T7PFAC_TIPO_IMPO B ON A.ID_TIPO_IMPORTE = B.ID_TIPO_IMPORTE
			INNER JOIN BDDSEG01.T7SEGO_USUA C ON A.ID_USUARIO_SOLICITANTE = C.USUARIO
            INNER JOIN BDDSEG01.T7SEGO_USUA D ON A.ID_USUARIO_AUTORIZADOR = D.USUARIO
        WHERE
            (INDICADOR_INTERFAZ = 1) 
            AND ID_ESTADO_AUTORIZACION &lt; 3
        ORDER BY 
        	ID_TIPO_IMPORTE, ID_ESTADO_AUTORIZACION
	</sql-query>
	
	<sql-query name="T7pfaoDetaImpo.UPDATE_IMPORTE_AUTORIZADOR">
		UPDATE 
			BDDSEG01.T7PFAO_DETA_IMPO A
		SET
			A.IMPORTE = ?,
			A.ID_USUARIO_SOLICITANTE = ?,
			A.ID_ESTADO_AUTORIZACION = ?,
			A.ID_USUARIO_AUTORIZADOR = ?,
			A.FECHA_AUTORIZACION = SYSDATE,
			A.INDICADOR_INTERFAZ = ?,
			A.USUARIO_MODIFICACION = ?,
			A.FECHA_MODIFICACION = SYSDATE
		WHERE
			A.ID_TIPO_IMPORTE = ? 
			AND A.ID_SOLICITUD_DESCARTE = ?
	</sql-query>
	
	<sql-query name="T7pfacUsuaAutoImpo.SELECT_USUARIO">
		SELECT 
			A.ID_USUARIO_AUTORIZADOR,
			A.ID_ROL,
			A.TIPO_IMPORTE,
			A.USUARIO_MODIFICACION,
			A.FECHA_MODIFICACION
		FROM
			BDDSEG01.T7PFAC_USUA_AUTO_IMPO A
		WHERE
			A.ID_ROL = ?
	</sql-query>
	
	<sql-query name="T7pfacUsuariosAutoImpo.SELECT_USUARIOS_DESCARTE">
		SELECT DISTINCT ID_ROL 
			FROM 
				BDDSEG01.T7PFAC_USUA_AUTO_IMPO 
			ORDER BY 
				ID_ROL
	</sql-query>
	
	<sql-query name="T7pfacUsuariosCaleAuto.SELECT_USUARIOS_CALENDARIO">
		SELECT DISTINCT ID_ROL 
			FROM 
				BDDSEG01.T7PFAC_USUA_CALE_AUTO 
			ORDER BY 
				ID_ROL
	</sql-query>
	
	<sql-query name="T7pfaoDetaImpo.INSERT_IMPORTE">
		INSERT INTO BDDSEG01.T7PFAO_DETA_IMPO
			(ID_SOLICITUD_DESCARTE,
			ID_TIPO_IMPORTE,
			IMPORTE,
			ID_USUARIO_SOLICITANTE,
			ID_ESTADO_AUTORIZACION,
			ID_USUARIO_AUTORIZADOR,
			FECHA_AUTORIZACION,
			INDICADOR_INTERFAZ,
			USUARIO_MODIFICACION,
			FECHA_MODIFICACION)
		VALUES
			(
			BDDSEG01.SQ7PFAO_DETA_IMPO.nextval,
			?,
			?,
			?,
			?,
			?,
			?,
			?,
			?,
			SYSDATE
			)
	</sql-query>
	
	<sql-query name="T7pfaoDetaImpo.INSERT_IMPORTE_AUTORIZADOR">
		INSERT INTO BDDSEG01.T7PFAO_DETA_IMPO
			(ID_SOLICITUD_DESCARTE,
			ID_TIPO_IMPORTE,
			IMPORTE,
			ID_USUARIO_SOLICITANTE,
			ID_ESTADO_AUTORIZACION,
			ID_USUARIO_AUTORIZADOR,
			FECHA_AUTORIZACION,
			INDICADOR_INTERFAZ,
			USUARIO_MODIFICACION,
			FECHA_MODIFICACION)
		VALUES
			(
			BDDSEG01.SQ7PFAO_DETA_IMPO.nextval,
			?,
			?,
			?,
			?,
			?,
			SYSDATE,
			?,
			?,
			SYSDATE
			)
	</sql-query>
	
	<sql-query name="T7pfaoDetaImpo.UPDATE_INDICADOR_INTERFAZ">
		UPDATE 
			BDDSEG01.T7PFAO_DETA_IMPO A
		SET
			A.INDICADOR_INTERFAZ = 0,
			A.FECHA_MODIFICACION = SYSDATE
		WHERE
			A.ID_TIPO_IMPORTE = ?
	</sql-query>
	
	<sql-query name="T7pfaoDetaImpo.UPDATE_INDICADOR_INTERFAZ_REPETIDO">
		UPDATE 
			BDDSEG01.T7PFAO_DETA_IMPO A
		SET
			A.INDICADOR_INTERFAZ = 0,
			A.FECHA_MODIFICACION = SYSDATE
		WHERE
			A.ID_TIPO_IMPORTE = ?
			AND A.INDICADOR_INTERFAZ = 1
			AND A.ID_ESTADO_AUTORIZACION = 1
	</sql-query>
	
	<sql-query name="T7pfaoDetaImpo.ESTADO_AUTORIZACION">
		SELECT A.ID_ESTADO_AUTORIZACION FROM BDDSEG01.T7PFAO_DETA_IMPO A
		WHERE
		 	A.ID_SOLICITUD_DESCARTE = ?
		 	AND A.INDICADOR_INTERFAZ = 1
	</sql-query>
	
	<sql-query name="T7pfaoDetaImpo.COUNT_PENDIENTES">
		SELECT COUNT(*) FROM BDDSEG01.T7PFAO_DETA_IMPO A
		WHERE
	        A.ID_TIPO_IMPORTE = ?
	        AND A.INDICADOR_INTERFAZ = 1
	        AND A.ID_ESTADO_AUTORIZACION = 1
	</sql-query>
	<sql-query name="T7pfadArchFact.SELECT_DETALLES_ARCH_FACT_BY_IDSOLICITUD_DEF">
		SELECT DISTINCT
			tpaf.ID_DETALLE_DOC, 
			tpaf.ID_SOLICITUD, 
			tpaf.GRUPO_PRODUCTO, 
			tagp.DESCRIPCION AS GRUPO_PRODUCTO_DESCRIPCION, 
			tpaf.ID_TIPO_DOC, 	
			tptdp.DESCRIPCION AS TIPO_DOC_DESCRIPCION, 
			tptdp.CONCENTRA_PRODUCTOS, 
			tpaf.ID_USUARIO_ALTA, 
			tpaf.ID_ESTADO_AUTORIZACION, 
			tpaf.ID_AUTORIZADOR, 
			tpaf.ID_ARCHIVO, 
			tpaf.MOTIVO_RECHAZO, 
			tpaf2.NO_REVISION, 
			pdocs.PERMISO,
            pdocs.ID_GRUPO_PERFIL,
			tpaf.USUARIO_MODIFICACION,
			tpaf.FECHA_MODIFICACION,
			tpaf2.NOMBRE
		FROM BDDSEG01.T7PFAD_ARCH_FACT tpaf 
		INNER JOIN BDDSEG01.T1ALLC_GRUP_PROD tagp ON 
			tagp.GRUPO_PRODUCTO = tpaf.GRUPO_PRODUCTO 
		INNER JOIN BDDSEG01.T7PFAC_TIPO_DOCS_PROD tptdp ON 
			tptdp.ID_TIPO_DOCUMENTO = tpaf.ID_TIPO_DOC 
		LEFT JOIN BDDSEG01.T7PFAH_ARCH_FACT tpaf2 ON 
			tpaf2.ID_ARCHIVO = tpaf.ID_ARCHIVO  
		LEFT JOIN BDDSEG01.T7PFAC_PERM_PERF_DOCS pdocs ON
            pdocs.ID_TIPO_DOCUMENTO =  tpaf.ID_TIPO_DOC
		WHERE ID_SOLICITUD = :idSolicitud
		and tpaf.ID_TIPO_DOC IN (:tipoDocumentos)
		and pdocs.ID_GRUPO_PERFIL = :grupoPerfil
		and pdocs.ID_ESTATUS_PROCESO = :estatus
		ORDER BY tpaf.ID_DETALLE_DOC
	</sql-query>
	<sql-query name="T7pfadArchFact.SELECT_DETALLES_ARCH_FACT_BY_IDSOLICITUD_PREVIO">
		SELECT DISTINCT
			tpaf.ID_DETALLE_DOC, 
			tpaf.ID_SOLICITUD, 
			tpaf.GRUPO_PRODUCTO, 
			tagp.DESCRIPCION AS GRUPO_PRODUCTO_DESCRIPCION, 
			tpaf.ID_TIPO_DOC, 	
			tptdp.DESCRIPCION AS TIPO_DOC_DESCRIPCION, 
			tptdp.CONCENTRA_PRODUCTOS, 
			tpaf.ID_USUARIO_ALTA, 
			tpaf.ID_ESTADO_AUTORIZACION, 
			tpaf.ID_AUTORIZADOR, 
			tpaf.ID_ARCHIVO, 
			tpaf.MOTIVO_RECHAZO, 
			tpaf2.NO_REVISION, 
			pdocs.PERMISO,
            pdocs.ID_GRUPO_PERFIL,
			tpaf.USUARIO_MODIFICACION,
			tpaf.FECHA_MODIFICACION,
			tpaf2.NOMBRE
		FROM BDDSEG01.T7PFAD_ARCH_FACT tpaf 
		INNER JOIN BDDSEG01.T1ALLC_GRUP_PROD tagp ON 
			tagp.GRUPO_PRODUCTO = tpaf.GRUPO_PRODUCTO 
		INNER JOIN BDDSEG01.T7PFAC_TIPO_DOCS_PROD tptdp ON 
			tptdp.ID_TIPO_DOCUMENTO = tpaf.ID_TIPO_DOC 
		LEFT JOIN BDDSEG01.T7PFAH_ARCH_FACT tpaf2 ON 
			tpaf2.ID_ARCHIVO = tpaf.ID_ARCHIVO
		LEFT JOIN BDDSEG01.T7PFAC_PERM_PERF_DOCS pdocs ON
            pdocs.ID_TIPO_DOCUMENTO =  tpaf.ID_TIPO_DOC
		WHERE ID_SOLICITUD = :idSolicitud
		and tpaf.ID_TIPO_DOC IN (:tipoDocumentos)
		and pdocs.ID_GRUPO_PERFIL = :grupoPerfil
		and pdocs.ID_ESTATUS_PROCESO = :estatus
		ORDER BY tpaf.ID_DETALLE_DOC
	</sql-query>
	<sql-query name="T7pfadRegiSoli.SELECT_T7PFAD_REGI_SOLI">
		select a.ID_DETALLE_FACTURACION,
		a.PROCESO,
		a.FECHA_EJECUCION,
		a.EJECUCION,
		a.ID_SOLICITUD,
		a.GRUPO_PRODUCTO,
		a.GRUPO_OPERADOR,
		a.SERIE,
		a.FOLIO,
		a.FECHA_INICIO,
		a.FECHA_FIN,
		a.FECHA_MINIMA,
		a.FECHA_MAXIMA,
		a.EFECTO,
		a.ANIO,
		a.MES,
		a.CICLO,
		a.TIPO_REGISTRO,
		a.ESTADO,
		a.TARIFA,
		a.TIPO_COBRO,
		a.ESTADO_FACTURACION,
		a.LLAMADAS,
		a.IMPORTE_SUBTOTAL,
		a.IMPORTE_IVA,
		a.IMPORTE_TOTAL,
		b.descripcion as descProducto,
		bddovi01.fnobt_camp_oper('DESCRIPCION', c.grupo_operador, b.grupo_producto, 1) as desOperador, 
		DECODE(a.TIPO_REGISTRO,1,'USUARIO VISITANTE',2,'BONO','NO DISPONIBLE') AS tiporegistroDesc,
		bddovi01.fnobt_camp_oper('DESCRIPCION_CORTA', c.grupo_operador, b.grupo_producto, 1) as desOperadorCorta
		from bddovi01.T7PFAD_REGI_SOLI a
		inner join bddovi01.T1ALLC_GRUP_PROD b on a.grupo_producto=b.grupo_producto
		inner join bddovi01.T1ALLC_GRUP_OPER c on a.grupo_operador=c.grupo_operador
		where a.id_solicitud = ?
		and a.GRUPO_PRODUCTO in(:productos)
		and a.estado= :estado
		order by a.GRUPO_PRODUCTO, :ordenamiento, a.FECHA_INICIO
	</sql-query>
	<sql-query name="T7PFAC_TRAN_ESTA_FLUJ.obtenerPendientePor">
		SELECT
	  	  perfi.nombre
				FROM
				    bddovi01.t7pfac_tran_esta_fluj trans
				    INNER JOIN bddovi01.t7pfac_grup_rol perfi ON trans.rol = perfi.id_grupo
				WHERE
				        trans.id_estatus_actual = ?
				    AND trans.id_accion = 1
	</sql-query>
	<sql-query name="T7PFAC_ESTA_FLUJ_FACT.obtenerEstatusBitacora">
		SELECT 
			EST.DESCRIPCION 
		FROM 
			BDDSEG01.T7PFAC_ESTA_FLUJ_FACT EST 
		WHERE 
			EST.ID_ESTATUS_FLUJO = ?
	</sql-query>
	<sql-query name="T7PFAC_GRUP_ROL.obtenerGrupoRol">
	SELECT 
		perfi.nombre 
		FROM 
			BDDSEG01.T7PFAC_GRUP_ROL perfi 
		WHERE 
			perfi.id_grupo = ?
	</sql-query>
	<sql-query name="T7PFAH_PROC_FACT.obtenerTipoFacturacionPorSolicitud">
		SELECT
     		CASE WHEN PROC.ID_TIPO_FACTURACION = 1 THEN 'N|Normal' ELSE 'C|Complementaria' END AS TIPO_FACTURACION
     	FROM 
     		BDDSEG01.T7PFAH_PROC_FACT proc 
     	WHERE 
     		PROC.ID_SOLICITUD = ?	
	</sql-query>
	<sql-query name="T7SEGC_PARA.getParametro">
		select valor from BDDSEG01.T7SEGC_PARA where nombre_parametro='ROL_TODOS_PRODUCTOS'
	</sql-query>
	<sql-query name="T1ALLC_GRUP_PROD.getAllProductos">
		select grupo_producto from BDDSEG01.T1ALLC_GRUP_PROD where estado=1
	</sql-query>
	<sql-query name="T8ppfuCciclCefecCgrop.UPDATE_ESTADO">
	 UPDATE BDDORB01.T8PPFU_CCICL_CEFEC_CGROP FACT 
 								SET FACT.ESTADO = :estado
                                WHERE FACT.GRUPO_PRODUCTO = :grupoProducto 
								AND FACT.GRUPO_OPERADOR = :grupoOperador 
								AND FACT.ANIO = :anio 
								AND FACT.MES = :mes 
								AND FACT.CICLO = :ciclo 
	</sql-query>
	
	<sql-query name="T8pfaoCciclTap.UPDATE_ESTADO_TAPS">
	 UPDATE BDDORB01.T8PFAO_CCICL_TAP FACT 
 								SET FACT.ESTADO = :estado
                                WHERE FACT.GRUPO_PRODUCTO = :grupoProducto 
								AND FACT.GRUPO_OPERADOR = :grupoOperador 
								AND FACT.ANIO = :anio 
								AND FACT.MES = :mes 
								AND FACT.CICLO = :ciclo	
	</sql-query>
	
	<sql-query name="T7PFAH_PROC_FACT.updateEstatus">
			update BDDSEG01.T7PFAH_PROC_FACT t7arch set t7arch.id_estatus_flujo = :estatusnuevo
					where t7arch.id_solicitud = :solicitud
	</sql-query>
	
	<sql-query name="T7PFAD_REGI_SOLI.updateEstatus">
			update BDDSEG01.T7PFAD_REGI_SOLI t7pfad set t7pfad.estado_facturacion = :estatusnuevo
					where t7pfad.id_solicitud = :solicitud
	</sql-query>
	
	<sql-query name="T7segoDatoUsuaInte.SELECT_CORREOS_BY_ROL_AUT">
			SELECT A.CORREO
				FROM BDDSEG01.T7SEGO_DATO_USUA_INTE A, BDDSEG01.T7SEGO_USUA B
			WHERE A.USUARIO = B.USUARIO
  				AND A.ROL = :rolAutorizador
  				AND B.ESTATUS = 0
  			GROUP BY A.CORREO
	</sql-query>
	
	<sql-query name="TsegcUsuario.SELECT_CORREOS_BY_GRUPO_ROL">
			SELECT A.CORREO
				FROM BDDSEG01.T7SEGO_DATO_USUA_INTE A, BDDSEG01.T7SEGO_USUA B, BDDSEG01.T7SEGR_CROL_CUSUA C,
     			BDDSEG01.T7SEGC_ROL R,
     			BDDSEG01.T7PFAC_GRUP_PERF_NOTI GPN
			WHERE A.USUARIO = B.USUARIO
  				AND A.USUARIO = C.USUARIO
  				AND C.ROL = R.ROL
  				AND GPN.ID_GRUPO IN(:grupoRol)
  				AND GPN.ROL = C.ROL
  				AND B.ESTATUS = 0
  			GROUP BY A.CORREO
	</sql-query>
	
	<sql-query name="String.SELECT_CONSULTA_FECHA_EMISION_PREVIO">
		SELECT TO_CHAR(FECHA_EJECUCION_PREVIO,'DD/MM/YYYY')||'|'||TRIM(to_char(to_date(decode(ID_CALENDARIO_MES,0,to_char(ID_CALENDARIO_MES,'MM'),ID_CALENDARIO_MES),'MM'), 'Month', 'NLS_DATE_LANGUAGE = spanish'))
        	FROM BDDSEG01.T7PFAO_DETA_CALE_FACT
        	WHERE TO_DATE(fecha_ejecucion_previo,'DD/MM/YYYY') = TO_DATE(SYSDATE,'DD/MM/YYYY') 
        	AND ID_TIPO_FACTURACION = :tipoFacturacion
        GROUP BY TO_CHAR(FECHA_EJECUCION_PREVIO,'DD/MM/YYYY')||'|'||TRIM(to_char(to_date(decode(ID_CALENDARIO_MES,0,to_char(ID_CALENDARIO_MES,'MM'),ID_CALENDARIO_MES),'MM'), 'Month', 'NLS_DATE_LANGUAGE = spanish'))
	</sql-query>
	
	<sql-query name="String.SELECT_CONSULTA_FECHA_CREACION_PROCESO_CORREO">
		SELECT TRIM(to_char(to_date(decode(ID_CALENDARIO_MES,0,to_char(ID_CALENDARIO_MES,'MM'),ID_CALENDARIO_MES),'MM'), 'Month', 'NLS_DATE_LANGUAGE = spanish'))||'|'||TO_CHAR(FECHA_EJECUCION_PREVIO,'YYYY')
        	FROM BDDSEG01.T7PFAO_DETA_CALE_FACT
        	WHERE fecha_ejecucion_previo = TO_DATE(:fechaEjecucion,'DD/MM/YYYY') 
        	AND ID_TIPO_FACTURACION = :tipoFacturacion
        GROUP BY TRIM(to_char(to_date(decode(ID_CALENDARIO_MES,0,to_char(ID_CALENDARIO_MES,'MM'),ID_CALENDARIO_MES),'MM'), 'Month', 'NLS_DATE_LANGUAGE = spanish'))||'|'||TO_CHAR(FECHA_EJECUCION_PREVIO,'YYYY')
	</sql-query>
	
	<sql-query name="String.SELECT_CONSULTA_FECHA_PERIODO_NORMAL">
		SELECT TO_CHAR(PERIODO,'DD/MM/YYYY') FROM (
			SELECT TO_DATE(MIN(TO_CHAR(PERIODO_INICIO,'DD/MM/YYYY')),'DD/MM/YYYY') AS PERIODO
	        	   FROM BDDSEG01.T7PFAO_DETA_CALE_FACT
	        WHERE TO_DATE(FECHA_EJECUCION_PREVIO,'DD/MM/YYYY') = TO_DATE(SYSDATE,'DD/MM/YYYY')
	        	AND ID_TIPO_FACTURACION = :tipoFacturacion
	        UNION
			SELECT TO_DATE(MAX(TO_CHAR(PERIODO_FIN,'DD/MM/YYYY')),'DD/MM/YYYY') AS PERIODO
	               FROM BDDSEG01.T7PFAO_DETA_CALE_FACT
	        WHERE TO_DATE(FECHA_EJECUCION_PREVIO,'DD/MM/YYYY') = TO_DATE(SYSDATE,'DD/MM/YYYY')
	            AND ID_TIPO_FACTURACION = :tipoFacturacion
        ORDER BY 1 ASC)
	</sql-query>
	
	<sql-query name="String.SELECT_CONSULTA_FECHA_PERIODO_COMPLEMENTARIA">
		SELECT fecha_ejecucion_previo FROM BDDSEG01.T7PFAO_DETA_CALE_FACT WHERE grupo_producto IN(
        	SELECT grupo_producto FROM BDDSEG01.T7PFAO_DETA_CALE_FACT WHERE id_tipo_facturacion = :tipoFacturacion
        	AND TO_DATE(fecha_ejecucion_previo,'dd/mm/yyyy') = TO_DATE(SYSDATE,'dd/mm/yyyy')) 
        	AND TO_DATE(fecha_ejecucion_previo,'dd/mm/yyyy') &lt; TO_DATE(SYSDATE,'dd/mm/yyyy')
        	AND id_tipo_facturacion = :tipoFacturacion
        GROUP BY fecha_ejecucion_previo ORDER BY 1 DESC
	</sql-query>
	
	<sql-query name="String.SELECT_CONSULTA_FECHA_PERIODO_PRODUCTO">
        SELECT TO_CHAR(PERIODO_INICIO,'DD/MM/YYYY') FROM BDDSEG01.T7PFAO_DETA_CALE_FACT 
            WHERE ID_TIPO_FACTURACION = :tipoFacturacion
            AND GRUPO_PRODUCTO = :grupoProducto
        AND FECHA_EJECUCION_PREVIO = TO_DATE(:fechaEjecucion,'DD/MM/YYYY')
        UNION
        SELECT TO_CHAR(PERIODO_FIN,'DD/MM/YYYY') FROM BDDSEG01.T7PFAO_DETA_CALE_FACT 
            WHERE ID_TIPO_FACTURACION = :tipoFacturacion
            AND GRUPO_PRODUCTO = :grupoProducto
        AND FECHA_EJECUCION_PREVIO = TO_DATE(:fechaEjecucion,'DD/MM/YYYY')
	</sql-query>
	
	<sql-query name="String.SELECT_CONSULTA_FECHA_PERIODO_TRAFICO_RECONOCIDO">
        SELECT TO_CHAR(MIN(PERIODO_INICIO),'DD/MM/YYYY') FROM BDDSEG01.T7PFAO_DETA_CALE_FACT 
            WHERE ID_TIPO_FACTURACION = :tipoFacturacion
        AND FECHA_EJECUCION_PREVIO = TO_DATE(:fechaEjecucion,'DD/MM/YYYY')
        UNION
        SELECT TO_CHAR(MAX(PERIODO_FIN),'DD/MM/YYYY') FROM BDDSEG01.T7PFAO_DETA_CALE_FACT 
            WHERE ID_TIPO_FACTURACION = :tipoFacturacion
        AND FECHA_EJECUCION_PREVIO = TO_DATE(:fechaEjecucion,'DD/MM/YYYY')
	</sql-query>
	
	<sql-query name="T7PFAB_HIST_FACT.insertaBitacoraHistFact">
		INSERT INTO BDDSEG01.T7PFAB_HIST_FACT
		    (ID_BITACORA, ID_SOLICITUD, NOMBRE, NUMERO_EMPLEADO, ESTATUS_FLUJO, DESCRIPCION, FECHA_MOVIMIENTO, ACCION, GRUPO)
		VALUES(BDDSEG01.SQ7PFAB_HIST_FACT.NEXTVAL, ?, ?, ?, ?, ?, SYSDATE, ?, ?)
	</sql-query>
	
	<sql-query name="T7PfaoSoliRespProd.UPDATE_DETA_LLAM">
	UPDATE BDDSEG01.T7PDDD_SOLI
		SET
			NUMERO_A = ?,
			NUMERO_B = ?,
			GRUPO_PRODUCTO = ?,
			GRUPO_OPERADOR = ?,
			TIPO_GRUPO_PRODUCTO = ?,
			EFECTO = ?,
			CENTRAL = ?,
			CASO_TRAFICO = ?,
			DURACION_MINIMA = ?,
			DURACION_MAXIMA = ?,
			HORA_INICIAL = ?,
			HORA_FINAL = ?,
			CICLO = ?,
			RUTA_PREFIJO_ENTRANTE = ?,
			RUTA_PREFIJO_SALIENTE = ?,
			SENTIDO = ?,
			SERIE_DESTINO = ?,
			REGION_A = ?,
			REGION_B = ?,
			DATO_ADICIONAL = ?,
			FECHA_INICIO = ?,
			FECHA_FIN = ?,
			SERVICIO = ?
		WHERE
			ID_SOLICITUD = ?
	</sql-query>
	
	<sql-query name="T7PfaoSoliRespProd.UPDATE_DETA_LLAM2">
	UPDATE BDDSEG01.T7PDDO_SOLI
		SET
			FECHA = ?,
			SERVICIO = ?,
			LAYOUT = ?,
			AUTORIZADO_POR = ?,
			ESTADO = ?
			
		WHERE
			ID_SOLICITUD = ?
	</sql-query>
	
	<sql-query name="T7PfaoSoliRespOper.UPDATE_DETA_LLAM">
	UPDATE BDDSEG01.T7PDDO_SOLI
		SET
			ESTADO = ?,
			AUTORIZADO_POR = ?,
			CORREO_DESTINATARIOS = ?
		WHERE
			ID_SOLICITUD = ?
	</sql-query>
	
	<sql-query name="T7PfaoSoliRespOper.UPDATE_DETA_LLAM_ESTA_DEPU">
	UPDATE BDDSEG01.T7PDDO_SOLI
		SET
			ESTADO = ?,
			AUTORIZADO_POR = ?
		WHERE
			ID_SOLICITUD = ?
	</sql-query>
	
	<sql-query name="T7PfaoSoliRespOper.UPDATE_DETA_LLAM_DEST">
	UPDATE BDDSEG01.T7PDDO_SOLI
		SET
			CORREO_DESTINATARIOS = ?
		WHERE
			ID_SOLICITUD = ?
	</sql-query>
	
	<sql-query name="T7PfaoSoliRespProd.INSERT_DETA_LLAM">
		INSERT INTO BDDSEG01.T7PDDO_SOLI
			(ID_SOLICITUD,USUARIO_CREACION,FECHA_CREACION,FECHA,LAYOUT,SERVICIO,ESTADO,AUTORIZADO_POR)
		VALUES (
			BDDSEG01.SQ7PFAO_DETA_LLAM.nextval,
			?,
			?,
			?,
			?,
			?,
			?,
			?)
	</sql-query>
	
	<sql-query name="T7PfaoSoliRespProd.INSERT_DETA_LLAM2">
		INSERT INTO BDDSEG01.T7PDDD_SOLI
			(ID_DETALLE,NUMERO_A,NUMERO_B,GRUPO_PRODUCTO,GRUPO_OPERADOR,TIPO_GRUPO_PRODUCTO,
			EFECTO,CENTRAL,CASO_TRAFICO,DURACION_MINIMA,DURACION_MAXIMA,HORA_INICIAL,HORA_FINAL,CICLO,RUTA_PREFIJO_ENTRANTE,
			RUTA_PREFIJO_SALIENTE,SENTIDO,SERIE_DESTINO,SERVICIO,REGION_A,REGION_B,DATO_ADICIONAL,FECHA_INICIO,FECHA_FIN,REGISTROS_BODS,ID_SOLICITUD)
		VALUES (
			BDDSEG01.SQ7PFAD_DETA_LLAM.nextval,
			?,
			?,
			?,
			?,
			?,
			?,
			?,
			?,
			?,
			?,
			?,
			?,
			?,
			?,
			?,
			?,
			?,
			?,
			?,
			?,
			?,
			?,
			?,
			?,
			?)
	</sql-query>
	<sql-query name="T7segoDatoUsuaExte.SELECT_ACCESO_USUARIO_EXTERNO">
		SELECT TO_CHAR(PASSWORD)
		   FROM BDDSEG01.T3SEGO_PASS PAS,
				BDDSEG01.T3SEGO_USUA USA,
				BDDSEG01.T3SEGO_DATO_USUA_EXTE EXTE
					WHERE PAS.USUARIO = USA.USUARIO
					AND EXTE.USUARIO = USA.USUARIO
					AND EXTE.correo = :usuario
	</sql-query>
	<sql-query name="T7segoDatoUsuaExte.SELECT_EXISTENCIA_USUARIO_EXTERNO">
		SELECT COUNT(*)
        	   FROM BDDSEG01.T3SEGO_PASS PAS,
               		BDDSEG01.T3SEGO_USUA USA,
                 	BDDSEG01.T3SEGO_DATO_USUA_EXTE EXTE
                 		WHERE PAS.USUARIO = USA.USUARIO
                    		AND EXTE.USUARIO = USA.USUARIO
                    		AND EXTE.correo = :usuario
	</sql-query>
	<sql-query name="T7segoDatoUsuaExte.SELECT_OBTIENE_INTENTOS_FALLIDOS">
		SELECT ACCESO.INTENTOS
               FROM BDDSEG01.T3SEGO_USUA USUARIO,
                    BDDSEG01.T3SEGO_DATO_USUA_EXTE EXTERNO,
                    BDDSEG01.T3SEGO_PASS ACCESO
                        WHERE EXTERNO.USUARIO = USUARIO.USUARIO
                        	AND ACCESO.USUARIO = USUARIO.USUARIO
                        	AND EXTERNO.correo = :usuario
	</sql-query>
	<sql-query name="T7segoDatoUsuaExte.SELECT_OBTIENE_ID_USUARIO">
		SELECT TO_CHAR(USUARIO.USUARIO)
               FROM BDDSEG01.T3SEGO_USUA USUARIO,
               		BDDSEG01.T3SEGO_DATO_USUA_EXTE EXTERNO,
               		BDDSEG01.T3SEGO_PASS ACCESO
                    	WHERE EXTERNO.USUARIO = USUARIO.USUARIO
                        	AND ACCESO.USUARIO = USUARIO.USUARIO
                        	AND EXTERNO.correo = :usuario
	</sql-query>
	
	<sql-query name="T3SEGO_PASS_UPDATE_INTENTOS">
			UPDATE BDDSEG01.T3SEGO_PASS ACCESO
                   	SET ACCESO.INTENTOS = :numeroIntentos
                    WHERE USUARIO = :usuario
	</sql-query>
	
	<sql-query name="T3SEGO_USUA_UPDATE_ESTATUS">
			UPDATE BDDSEG01.T3SEGO_USUA USUARIO 
                   	SET USUARIO.ESTATUS = 1,
                       	USUARIO.USUARIO_MODIFICACION = 'SEG',
                        USUARIO.FECHA_MODIFICACION = TRUNC(SYSDATE)
                        WHERE USUARIO.USUARIO = :usuario
	</sql-query>
	
	
	<sql-query name="TsegcUsuario.SELECT_USERS_ADMIN">
		SELECT usuario.USUARIO AS idUsuario,
			usuario.NOMBRE AS nombre,
			usuario.APELLIDO_PATERNO AS apellidoPaterno,
			usuario.APELLIDO_MATERNO AS apellidoMaterno,
			externo.CORREO AS correo,
			BDDOVI01.FNOBT_CAMP_OPER('DESCRIPCION_CORTA',oper.GRUPO_OPERADOR,gr.grupo_Producto,1) DESCRIPCION_CORTA,
			tipoUsuario.DESCRIPCION AS DescTipoUsuario,
			CASE WHEN estatus.VALOR = 'Nuevo' THEN 'Activo' ELSE estatus.VALOR END AS estatusNombre,
			pass.PASSWORD,
			oper.GRUPO_OPERADOR
		FROM BDDSEG01.T3SEGO_USUA usuario, BDDSEG01.T3SEGC_TIPO_USUA tipoUsuario, BDDSEG01.T3SEGC_ESTA estatus,
             BDDSEG01.T3SEGO_PASS pass, BDDSEG01.T3SEGO_DATO_USUA_EXTE externo, BDDOVI01.T1ALLC_GRUP_OPER oper, BDDOVI01.T1ALLR_CGROP_CGRPR gr
                WHERE usuario.TIPO_USUARIO = tipoUsuario.TIPO_USUARIO(+)
                AND usuario.ESTATUS = estatus.ESTATUS(+)
                AND usuario.USUARIO = pass.USUARIO(+)
                AND usuario.USUARIO = externo.USUARIO(+)
                AND externo.ID_OPERADOR = oper.GRUPO_OPERADOR(+)
                AND (usuario.tipo_usuario = 1)
                AND oper.grupo_operador = gr.grupo_operador(+)
                AND gr.grupo_producto=32
        union
         SELECT usuario.USUARIO AS idUsuario,
			usuario.NOMBRE AS nombre,
			usuario.APELLIDO_PATERNO AS apellidoPaterno,
			usuario.APELLIDO_MATERNO AS apellidoMaterno,
			externo.CORREO AS correo,
			'' DESCRIPCION_CORTA,
			tipoUsuario.DESCRIPCION AS DescTipoUsuario,
			estatus.VALOR AS estatusNombre,
			pass.PASSWORD,
			'' GRUPO_OPERADOR
		FROM BDDSEG01.T3SEGO_USUA usuario, BDDSEG01.T3SEGC_TIPO_USUA tipoUsuario, BDDSEG01.T3SEGC_ESTA estatus,
             BDDSEG01.T3SEGO_PASS pass, BDDSEG01.T3SEGO_DATO_USUA_EXTE externo
                WHERE usuario.TIPO_USUARIO = tipoUsuario.TIPO_USUARIO(+)
                AND usuario.ESTATUS = estatus.ESTATUS(+)
                AND usuario.USUARIO = pass.USUARIO(+)
                AND usuario.USUARIO = externo.USUARIO(+)
                AND (usuario.TIPO_USUARIO = 3)
                ORDER BY DescTipoUsuario, idUSUARIO ASC
	</sql-query>
	
	<sql-query name="TsegcUsuario.SELECT_USERS_CON">
		SELECT usuario.USUARIO AS idUsuario,
			usuario.NOMBRE AS nombre,
			usuario.APELLIDO_PATERNO AS apellidoPaterno,
			usuario.APELLIDO_MATERNO AS
			apellidoMaterno,
			externo.CORREO AS correo,
			BDDOVI01.FNOBT_CAMP_OPER('DESCRIPCION_CORTA',go.GRUPO_OPERADOR,gr.grupo_Producto,1) AS DESCRIPCION_CORTA,
			tipoUsuario.DESCRIPCION AS DescTipoUsuario,
			estatus.VALOR AS
			estatusNombre,
			pass.PASSWORD,
			go.GRUPO_OPERADOR
		FROM BDDSEG01.T3SEGO_USUA usuario,
			BDDSEG01.T3SEGC_TIPO_USUA tipoUsuario,
			BDDSEG01.T3SEGC_ESTA estatus,
			BDDSEG01.T3SEGO_PASS pass,
			BDDSEG01.T3SEGO_DATO_USUA_EXTE externo,
			BDDOVI01.T1ALLC_GRUP_OPER go,
		    BDDOVI01.T1ALLR_CGROP_CGRPR gr
		WHERE usuario.tipo_usuario =2
            AND usuario.TIPO_USUARIO = tipoUsuario.TIPO_USUARIO
            AND usuario.ESTATUS = estatus.ESTATUS(+)
            AND usuario.USUARIO = pass.USUARIO(+)
            AND usuario.USUARIO = externo.USUARIO(+)
            AND externo.ID_OPERADOR = go.grupo_OPERADOR(+)
            AND go.grupo_operador = gr.grupo_operador(+)
            AND gr.grupo_producto=32
		ORDER BY usuario.TIPO_USUARIO ASC, usuario.USUARIO ASC
	</sql-query>
	
	<sql-query name="TsegcUsuario.SELECT_USERS_CON_BY_OP">
        SELECT usuario.USUARIO AS idUsuario,
			usuario.NOMBRE AS nombre,
			usuario.APELLIDO_PATERNO AS apellidoPaterno,
			usuario.APELLIDO_MATERNO AS apellidoMaterno,
			externo.CORREO AS correo,
			BDDOVI01.FNOBT_CAMP_OPER('DESCRIPCION_CORTA',go.GRUPO_OPERADOR,gr.grupo_Producto,1) DESCRIPCION_CORTA,
			tipoUsuario.DESCRIPCION AS DescTipoUsuario,
			CASE WHEN estatus.VALOR = 'Nuevo' THEN 'Activo' ELSE estatus.VALOR END AS estatusNombre,
			pass.PASSWORD,
			go.GRUPO_OPERADOR
		FROM BDDSEG01.T3SEGO_USUA usuario, 
             BDDSEG01.T3SEGC_TIPO_USUA tipoUsuario,  
             BDDSEG01.T3SEGC_ESTA estatus, 
             BDDSEG01.T3SEGO_PASS pass,
             BDDSEG01.T3SEGO_DATO_USUA_EXTE externo,
             BDDOVI01.T1ALLC_GRUP_OPER go,
             BDDOVI01.T1ALLR_CGROP_CGRPR gr
            WHERE usuario.tipo_usuario = 2
			AND (go.GRUPO_OPERADOR = :operador OR 0 = :operador)   
            AND usuario.TIPO_USUARIO = tipoUsuario.TIPO_USUARIO
			AND usuario.ESTATUS = estatus.ESTATUS(+)
			AND usuario.USUARIO = pass.USUARIO(+)
      		AND usuario.USUARIO = externo.USUARIO(+)
            AND externo.ID_OPERADOR = go.GRUPO_OPERADOR(+)
            AND go.grupo_operador = gr.grupo_operador(+)
            AND gr.grupo_producto=32
        	ORDER BY usuario.TIPO_USUARIO ASC, usuario.USUARIO ASC
	</sql-query>
	<sql-query name="TsegcUsuario.SELECT_COUNT_USERS_CON_BY_OP">
        SELECT count(usuario.USUARIO) AS idUsuario
			FROM BDDSEG01.T3SEGO_USUA usuario, 
            	 BDDSEG01.T3SEGC_TIPO_USUA tipoUsuario,  
             	 BDDSEG01.T3SEGC_ESTA estatus, 
             	 BDDSEG01.T3SEGO_PASS pass,
	             BDDSEG01.T3SEGO_DATO_USUA_EXTE externo,
    	         BDDOVI01.T1ALLC_GRUP_OPER go, BDDOVI01.T1ALLR_CGROP_CGRPR gr
            WHERE usuario.tipo_usuario = 2
            	 AND go.GRUPO_OPERADOR = :operador and usuario.ESTATUS IN(0, 1)
        	     AND usuario.TIPO_USUARIO = tipoUsuario.TIPO_USUARIO
				 AND usuario.ESTATUS = estatus.ESTATUS(+)
	  			 AND usuario.USUARIO = pass.USUARIO(+)
              	 AND usuario.USUARIO = externo.USUARIO(+)
                 AND externo.ID_OPERADOR = go.GRUPO_OPERADOR(+)
                 AND go.grupo_operador = gr.grupo_operador
                 AND gr.grupo_producto=32
                 ORDER BY usuario.TIPO_USUARIO ASC, usuario.USUARIO ASC
	</sql-query>
	
	<sql-query name="TsegcUsuario.SELECT_PASS_USERS">
        SELECT PASSWORD
			FROM BDDSEG01.T3SEGO_PASS pass
            WHERE pass.usuario = :idUsuario
	</sql-query>
	
	<sql-query name="TsegcUsuario.SELECT_ESTADO_USERS">
        SELECT ESTATUS
			FROM BDDSEG01.T3SEGO_USUA sts
            WHERE sts.usuario = :idUsuario
	</sql-query>
	
	<sql-query name="UPDATE_USER_ADMIN">
	UPDATE BDDSEG01.T3SEGO_USUA
		SET
			NOMBRE = ?,
			APELLIDO_PATERNO = ?,
			APELLIDO_MATERNO = ?,
			ESTATUS = ?
		WHERE
			USUARIO = ?
	</sql-query>
	
	<sql-query name="UPDATE_USER_ADMIN_DATO">
	UPDATE BDDSEG01.T3SEGO_DATO_USUA_EXTE
		SET
			RESPONSABLE = ?,
			CORREO = ?
		WHERE
			USUARIO = ?
	</sql-query>
	
	<sql-query name="UPDATE_USER_PASS">
	UPDATE BDDSEG01.T3SEGO_PASS
		SET
			PASSWORD = ?
		WHERE
			USUARIO = ?
	</sql-query>
	
	<sql-query name="INSERT_USER_ADMIN">
		INSERT INTO BDDSEG01.T3SEGO_USUA
			(USUARIO, NOMBRE, APELLIDO_PATERNO, APELLIDO_MATERNO, TIPO_USUARIO, ESTATUS, FECHA_CREACION, USUARIO_CREACION)
		VALUES (
			BDDSEG01.SQ3SEGO_USUA.nextval,
			?,
			?,
			?,
			?,
			3,
			?,
			?)
	</sql-query>
	
	<sql-query name="INSERT_DATO_USER_EXTE">
		INSERT INTO BDDSEG01.T3SEGO_DATO_USUA_EXTE
			(USUARIO, RESPONSABLE, CORREO, ID_ROL, ID_OPERADOR)
		VALUES (
			?,
			?,
			?,
			?,
			?)
	</sql-query>
	
	<sql-query name="REQUIERE_CAMBIO_PASS">
		SELECT RESETEO FROM BDDSEG01.T3SEGC_EDIT_CONT
		WHERE
			PERFIL = :rol
	</sql-query>
	
	<sql-query name="INSERT_DOCU">
		INSERT INTO BDDSEG01.T3SEGO_DOCU
			(ID_DOCUMENTO,ID_USUARIO,FECHA_CARGA,RUTA,DOCUMENTO)
		VALUES (
			BDDSEG01.SQ7SEGO_DOCU.nextval,
			?,
			?,
			?,
			?)
	</sql-query>
	
	<sql-query name="SELECT_DOCU">
		SELECT *
			FROM BDDSEG01.T3SEGO_DOCU docu
				WHERE docu.id_Usuario = :idUsuario
	</sql-query>
	
	<sql-query name="SELECT_OPER">
		select go.grupo_operador,
		 BDDOVI01.FNOBT_CAMP_OPER('DESCRIPCION_CORTA',go.GRUPO_OPERADOR,gr.grupo_Producto,1) DESCRIPCION_CORTA 
		 from BDDOVI01.T1ALLC_GRUP_OPER go, BDDOVI01.T1ALLR_CGROP_CGRPR gr 
		 where go.grupo_operador = gr.grupo_operador and gr.grupo_producto=32
	</sql-query>
	
	<sql-query name="SELECT_ESTATUS">
		SELECT ESTATUS, VALOR
			FROM BDDSEG01.T3SEGC_ESTA
	</sql-query>
	
	<sql-query name="SELECT_OPERADOR_USER">
		SELECT usua.ID_OPERADOR||':'|| BDDOVI01.FNOBT_CAMP_OPER('DESCRIPCION_CORTA',go.GRUPO_OPERADOR,gr.grupo_Producto,1)
                        FROM BDDSEG01.T3SEGO_DATO_USUA_EXTE usua, BDDOVI01.T1ALLC_GRUP_OPER go, BDDOVI01.T1ALLR_CGROP_CGRPR gr 
                        where usua.id_operador = go.GRUPO_OPERADOR
                              AND usua.usuario = :idUsuario
                              AND go.grupo_operador = gr.grupo_operador
                              AND gr.grupo_producto=32
	</sql-query>
	
	<sql-query name="DELETE_DOCU">
	DELETE FROM BDDSEG01.T3SEGO_DOCU
		WHERE
			ID_DOCUMENTO = ?
	</sql-query>
	
	<sql-query name="INSERT_USER_PASS">
		INSERT INTO BDDSEG01.T3SEGO_PASS
			(USUARIO, PASSWORD, INTENTOS, FECHA_CAMBIO_PASSWORD)
		VALUES (
			?,
			?,
			?,
			?)
	</sql-query>
	
	<sql-query name="INSERT_ROL_USER">
		INSERT INTO BDDSEG01.T3SEGR_CROL_CUSUA
			(ROL, USUARIO)
		VALUES (
			?,
			?)
	</sql-query>
        
        <sql-query name="T3segcPara.OBTIENE_MAXIMOS_INTENTOS_PERMITIDOS">
            SELECT PARAMETRO.VALOR FROM BDDSEG01.T3SEGC_PARA PARAMETRO
            WHERE PARAMETRO.NOMBRE_PARAMETRO = 'NUM_MAX_INTENTOS'
	</sql-query>
	
	<sql-query name="SELECT_INFO_USU_BY_ID">
	        SELECT T4.ID_OPERADOR
				FROM BDDSEG01.T3SEGO_USUA  T1, BDDSEG01.T3SEGC_TIPO_USUA T2,
				BDDSEG01.T3SEGO_DATO_USUA_INTE T3, BDDSEG01.T3SEGO_DATO_USUA_EXTE T4,
				BDDOVI01.T1ALLC_GRUP_OPER go, BDDOVI01.T1ALLR_CGROP_CGRPR gr
				WHERE T1.USUARIO = :USUARIO
                       AND T1.TIPO_USUARIO = T2.TIPO_USUARIO
                       AND T1.USUARIO = T3.USUARIO(+)
                       AND T1.USUARIO = T4.USUARIO(+)
                       AND T4.ID_OPERADOR = go.GRUPO_OPERADOR(+)
                       AND go.grupo_operador = gr.grupo_operador
                       AND gr.grupo_producto=32
	</sql-query>
	
	<sql-query name="SELECT_INFO_REQ">
			SELECT * FROM BDDSEG01.T3SEGC_INFO WHERE ESTATUS = 1
	</sql-query>
		<sql-query name="T3SEGO_SOLI.INSERT_SOLICITUD">
		INSERT INTO BDDSEG01.T3SEGO_SOLI (ID_FOLIO, ID_SITIO, GRUPO_OPERADOR, USUARIO, FECHA_CREACION, ID_ESTADO_SOLI)
    	VALUES (:FOLIO, :IDSITIO, :GRUPOOPER, :USUARIO, SYSDATE, :IDESTADOSOLI)
	</sql-query>
	
	<sql-query name="T3SEGO_INFO.INSERT_INFO_SOLICITUD">
		INSERT INTO BDDSEG01.T3SEGO_INFO (ID_INFO, ID_FOLIO_SOLI) VALUES (BDDSEG01.SQ3SEGO_INFO.NEXTVAL, :FOLIO)
	</sql-query>
		
	<sql-query name="T3SEGD_ARCH.INSERT_ARCH">
		INSERT INTO BDDSEG01.T3SEGD_SOLI_ARCH (ID_ARCHIVO,RUTA,DESCRIPCION,NOMBRE_ARCHIVO,TAMANIO,FECHA_CARGA,REVISION,USUARIO,ID_SECCION,ID_FOLIO) 
		VALUES (BDDSEG01.SQ3SEGD_ARCH.NEXTVAL,:RUTA,:DESCRIPCION,:NOMBRE_ARCH,:TAMANIO,:FECHA_CARGA, :REVISION,:USUARIO,:ID_SECCION,:FOLIO)
	</sql-query>
	
	<sql-query name="SELECT_SITIO_CON_SOLICITUD">
		SELECT COUNT(*) FROM BDDSEG01.T3SEGO_SOLI WHERE ID_SITIO = :ID_SITIO AND GRUPO_OPERADOR = :GRUPO_OPERADOR AND ID_ESTADO_SOLI NOT IN (3,6)
	</sql-query>
	
	<sql-query name="T3SEGO_SOLI.UPDATE_SOLICITUD">
		UPDATE BDDSEG01.T3SEGO_SOLI SET ID_ESTADO_SOLI = :ESTATUS WHERE ID_FOLIO = :FOLIO
	</sql-query>
	
	<sql-query name="T3SEGO_INFO.UPDATE_INFO_SOLICITUD">
		UPDATE BDDSEG01.T3SEGO_INFO SET INF_ENTREGADA = :INF_ENTREGADA WHERE ID_FOLIO_SOLI = :FOLIO
	</sql-query>
	
	<sql-query name="T3SEGD_SOLI_ARCH.UPDATE_ARCH_SOLICITUD">
		UPDATE BDDSEG01.T3SEGD_SOLI_ARCH SET RUTA = :RUTA, NOMBRE_ARCHIVO = :NOMBREARCH, TAMANIO = :TAMANIO, FECHA_CARGA = SYSDATE, REVISION = :REVISION, USUARIO = :USUARIO WHERE ID_FOLIO = :FOLIO AND ID_ARCHIVO = :IDARCH
	</sql-query>
	
	<sql-query name="SELECT_NOMBRE_USU_BY_ID">
		SELECT NOMBRE || ' ' || APELLIDO_PATERNO || ' ' || APELLIDO_MATERNO FROM BDDSEG01.T3SEGO_USUA WHERE USUARIO = :USUARIO
	</sql-query>
	
	<sql-query name="SELECT_COUNT_SOLICITUD_INF">
		SELECT COUNT(*) FROM BDDSEG01.T3SEGO_INFO WHERE ID_FOLIO_SOLI = :folio
	</sql-query>
	
</hibernate-mapping>