<?xml version="1.0" encoding="UTF-8"?>
<beans xmlns="http://www.springframework.org/schema/beans"
	xmlns:xsi="http://www.w3.org/2001/XMLSchema-instance" xmlns:aop="http://www.springframework.org/schema/aop"
	xmlns:jee="http://www.springframework.org/schema/jee" xmlns:p="http://www.springframework.org/schema/p"
	xmlns:tx="http://www.springframework.org/schema/tx" xmlns:jdbc="http://www.springframework.org/schema/jdbc"
	xsi:schemaLocation="http://www.springframework.org/schema/beans 
           http://www.springframework.org/schema/beans/spring-beans-4.1.xsd
           http://www.springframework.org/schema/tx 
           http://www.springframework.org/schema/tx/spring-tx-4.1.xsd
           http://www.springframework.org/schema/jee
		   http://www.springframework.org/schema/jee/spring-jee-4.1.xsd
           http://www.springframework.org/schema/jdbc 
           http://www.springframework.org/schema/jdbc/spring-jdbc-4.1.xsd
           http://www.springframework.org/schema/aop 
           http://www.springframework.org/schema/aop/spring-aop-4.1.xsd">
	
	<!--  <jee:jndi-lookup id="dataSourceOVITAPP" jndi-name="UXOVITP01_BDASEG01" />-->
	<jee:jndi-lookup id="dataSourceOVITAPP" jndi-name="UXOVITD01_BDASEG01" />
	<bean id="entityManagerFactoryOVITAPP" class="org.springframework.orm.jpa.LocalContainerEntityManagerFactoryBean">
		<property name="dataSource" ref="dataSourceOVITAPP" />
		<property name="mappingResources" value="hibernate/mapping/hql-web-security-data.hbm.xml,
												hibernate/mapping/hql-web-data.hbm.xml,
												hibernate/mapping/hql-common-data.hbm.xml,
												hibernate/mapping/hql-seg-solicitudes-data.hbm.xml,
												hibernate/mapping/hql-seg-factibilidad-data.hbm.xml,
												hibernate/mapping/hql-seg-obra-data.hbm.xml,
												hibernate/mapping/hql-seg-proyecto-data.hbm.xml"/>
		<property name="packagesToScan" value="mx.telcel.com.di.sosam.gsfi.sitx.seg.web.data.**.*, 
												mx.telcel.com.di.sosam.gsfi.sitx.seg.common.data.**.*,
												mx.telcel.com.di.sosam.gsfi.sitx.seg.security.data.**.*"/>
		<property name="jpaVendorAdapter">
			<bean class="org.springframework.orm.jpa.vendor.HibernateJpaVendorAdapter" />
		</property>
		<property name="jpaProperties">
			<props>
				<prop key="hibernate.dialect">${persistence.dialect:HSQL}</prop>
				<prop key="hibernate.jdbc.batch_size">20</prop>
				<prop key="hibernate.order_inserts">true</prop>
				<prop key="hibernate.order_updates">true</prop>
				<prop key="hibernate.c3p0.min_size">50</prop>
				<prop key="hibernate.c3p0.max_size">200</prop>
				<prop key="hibernate.c3p0.timeout">300</prop>
				<prop key="hibernate.c3p0.max_statement">50</prop>
				<prop key="hibernate.format_sql">${persistence.formatSQL:true}</prop>
				<prop key="hibernate.hbm2ddl.auto">${persistence.generateDdl:false}</prop>
				<prop key="hibernate.connection.autocommit">${persistence.hibernate.connection.autocommit:true}
				</prop>
				<prop key="hibernate.generate_statistics">${persistence.hibernate.generate_statistics:false}
				</prop>
				<prop key="hibernate.enable_lazy_load_no_trans">${persistence.hibernate.enable_lazy_load_no_trans:false}
				</prop>
				<prop key="hibernate.cache.use_second_level_cache">false</prop>
				<prop key="hibernate.cache.use_query_cache">false</prop>
				<prop key="hibernate.cache.use_structured_entries">false</prop>
				<prop key="hibernate.generate_statistics">false</prop>
				<prop key="hibernate.connection.release_mode">after_transaction</prop>
				<prop key="hibernate.connection.isolation">2</prop>
				<prop key="hibernate.transaction.auto_close_session">false</prop>
				<prop key="hibernate.transaction.flush_before_completion">false</prop>
				<prop key="hibernate.show_sql">false</prop>
				<prop key="hibernate.format_sql">false</prop>

			</props>
		</property>		
	</bean>
		
	<bean id="transactionManagerOVITAPP" class="org.springframework.orm.jpa.JpaTransactionManager">
		<property name="entityManagerFactory" ref="entityManagerFactoryOVITAPP" />
	</bean>

    <tx:annotation-driven transaction-manager="transactionManagerOVITAPP" />

	<bean id="persistenceExceptionTranslationPostProcessor"
		class="org.springframework.dao.annotation.PersistenceExceptionTranslationPostProcessor" />
	
	 <!-- Necessary to get the entity manager injected into the factory bean -->
    <bean class="org.springframework.orm.jpa.support.PersistenceAnnotationBeanPostProcessor" />
    
</beans>
