<?xml version="1.0" encoding="UTF-8"?>
<beans xmlns="http://www.springframework.org/schema/beans"
	xmlns:xsi="http://www.w3.org/2001/XMLSchema-instance"
	xmlns:faces="http://www.springframework.org/schema/faces"
	xmlns:webflow-config="http://www.springframework.org/schema/webflow-config"
	xsi:schemaLocation="http://www.springframework.org/schema/beans http://www.springframework.org/schema/beans/spring-beans-4.1.xsd
		http://www.springframework.org/schema/faces http://www.springframework.org/schema/faces/spring-faces-2.2.xsd
		http://www.springframework.org/schema/webflow-config http://www.springframework.org/schema/webflow-config/spring-webflow-config-2.3.xsd">

		
	<bean id="flowExceptionHandler" class="mx.telcel.com.di.sosam.gsfi.sitx.seg.web.exception.CustomExceptionHandler">
		<property name="errorTransition" value="error"/>
	</bean>
	
	<bean id="facesExceptionHandlerErrorFlow" class="java.lang.String">
		<constructor-arg value="error-flow" />
	</bean>
	
	<bean id="facesExceptionHandlerErrorPageId" class="java.lang.String">
		<constructor-arg value="/WEB-INF/errorPage.xhtml" />
	</bean>

</beans>
