<beans:beans
	xmlns="http://www.springframework.org/schema/security"
	xmlns:beans="http://www.springframework.org/schema/beans"
	xmlns:xsi="http://www.w3.org/2001/XMLSchema-instance"
	xmlns:webflow="http://www.springframework.org/schema/webflow-config"
	xsi:schemaLocation="http://www.springframework.org/schema/beans
		   http://www.springframework.org/schema/beans/spring-beans-4.1.xsd
		   http://www.springframework.org/schema/security
		   http://www.springframework.org/schema/security/spring-security.xsd
		   http://www.springframework.org/schema/webflow-config
		   http://www.springframework.org/schema/webflow-config/spring-webflow-config-2.4.xsd">

	<http create-session="always" use-expressions="true"
		entry-point-ref="authenticationEntryPoint"
		authentication-manager-ref="autenticador" auto-config="false">
		<custom-filter position="CONCURRENT_SESSION_FILTER"
			ref="concurrencyFilter" />
		<custom-filter position="FORM_LOGIN_FILTER"
			ref="authenticationFilter" />

		<intercept-url pattern="/app/**" access="permitAll" />
		<intercept-url pattern="/spml/**" access="permitAll" />
		<intercept-url pattern="/resources/**"
			access="permitAll" />
		<intercept-url pattern="/pdfPreviewServlet/**"
			access="permitAll" />
		<intercept-url pattern="/**" access="denyAll" />
		<logout logout-url="/app/logout"
			logout-success-url="/app/login" delete-cookies="JSESSIONID" />
		<access-denied-handler error-page="/app/home" />

		<session-management
			session-authentication-strategy-ref="sas" />
	</http>

	<beans:bean id="concurrencyFilter"
		class="org.springframework.security.web.session.ConcurrentSessionFilter">
		<beans:constructor-arg name="sessionRegistry"
			ref="sessionRegistry" />
		<beans:constructor-arg name="expiredUrl"
			value="/app/login" />
	</beans:bean>

	<beans:bean id="authenticationFilter"
		class="org.springframework.security.web.authentication.UsernamePasswordAuthenticationFilter">
		<beans:property name="sessionAuthenticationStrategy"
			ref="sas" />
		<beans:property name="authenticationManager"
			ref="autenticador" />
		<beans:property
			name="requiresAuthenticationRequestMatcher" ref="requestMatcher" />
		<beans:property name="authenticationFailureHandler"
			ref="authenticationFailureHandler" />
		<beans:property name="authenticationSuccessHandler"
			ref="authenticationSuccessHandler" />
		<beans:property name="authenticationDetailsSource">
			<beans:bean
				class="mx.telcel.com.di.sosam.gsfi.sitx.seg.security.business.spring.custom.CustomWebAuthenticationDetailsSource" />
		</beans:property>
	</beans:bean>

	<beans:bean id="authenticationEntryPoint"
		class="org.springframework.security.web.authentication.LoginUrlAuthenticationEntryPoint">
		<beans:constructor-arg name="loginFormUrl"
			value="/app/login" />
	</beans:bean>

	<beans:bean id="authenticationFailureHandler"
		class="org.springframework.security.web.authentication.SimpleUrlAuthenticationFailureHandler">
		<beans:property name="defaultFailureUrl"
			value="/app/login?login_error=1" />
	</beans:bean>

	<beans:bean id="authenticationSuccessHandler"
		class="mx.telcel.com.di.sosam.gsfi.sitx.seg.security.business.spring.custom.UserBasedAuthenticationSuccessHandler">
		<beans:constructor-arg index="0"
			value="/app/parent-flow" />
	</beans:bean>

	<beans:bean id="sas"
		class="org.springframework.security.web.authentication.session.CompositeSessionAuthenticationStrategy">
		<beans:constructor-arg>
			<beans:list>
				<beans:bean
					class="org.springframework.security.web.authentication.session.ConcurrentSessionControlAuthenticationStrategy">
					<beans:constructor-arg ref="sessionRegistry" />
					<beans:property name="maximumSessions" value="1" />
					<beans:property name="exceptionIfMaximumExceeded"
						value="false" />
					<beans:property name="messageSource"
						ref="messageSource" />
				</beans:bean>
				<beans:bean
					class="org.springframework.security.web.authentication.session.SessionFixationProtectionStrategy">
				</beans:bean>
				<beans:bean
					class="org.springframework.security.web.authentication.session.RegisterSessionAuthenticationStrategy">
					<beans:constructor-arg ref="sessionRegistry" />
				</beans:bean>
			</beans:list>
		</beans:constructor-arg>
	</beans:bean>

	<beans:bean id="sessionRegistry"
		class="org.springframework.security.core.session.SessionRegistryImpl" />

	<beans:bean id="autenticador"
		class="mx.telcel.com.di.sosam.gsfi.sitx.seg.web.login.OvitAuthentication" />

	<beans:bean id="requestMatcher"
		class="mx.telcel.com.di.sosam.gsfi.sitx.seg.security.business.spring.custom.CustomUrlRequestMatcher">
		<beans:constructor-arg name="filterProcessesUrl"
			value="/app/j_spring_security_check" />
	</beans:bean>

	<!-- A listener to apply Spring Security authorities -->
	<beans:bean id="securityListener"
		class="org.springframework.webflow.security.SecurityFlowExecutionListener" />

	<beans:bean id="messageSource"
		class="org.springframework.context.support.ReloadableResourceBundleMessageSource">
		<beans:property name="basename"
			value="classpath:spring/message/messages" />
	</beans:bean>
</beans:beans>