<?xml version="1.0" encoding="UTF-8"?>
<!DOCTYPE flow>
<flow xmlns="http://www.springframework.org/schema/webflow"
	xmlns:xsi="http://www.w3.org/2001/XMLSchema-instance"
	xsi:schemaLocation="http://www.springframework.org/schema/webflow 
		http://www.springframework.org/schema/webflow/spring-webflow.xsd"
	parent="parent-flow" start-state="initChangePasswordHome">
	
	<secured attributes="ROLE_ADMIN"/>
	
	<view-state id="initChangePasswordHome" view="/WEB-INF/views/Administration/Seguridad/changePassword.xhtml" popup="true" redirect="true">
		<on-entry>
			<evaluate expression="changePasswordBean.initChangePassword(flowRequestContext)"/>
			<evaluate expression="menuBean.init()" />
		</on-entry> 
		<exception-handler bean="flowExceptionHandler"/>
		
		
	</view-state>
	
</flow>