<?xml version="1.0" encoding="UTF-8"?>
<beans xmlns="http://www.springframework.org/schema/beans"
	xmlns:xsi="http://www.w3.org/2001/XMLSchema-instance" 
	xmlns:p="http://www.springframework.org/schema/p"
	xmlns:webflow="http://www.springframework.org/schema/webflow-config"
	xmlns:faces="http://www.springframework.org/schema/faces"
	xsi:schemaLocation="http://www.springframework.org/schema/beans
		http://www.springframework.org/schema/beans/spring-beans-4.1.xsd
		http://www.springframework.org/schema/webflow-config
		http://www.springframework.org/schema/webflow-config/spring-webflow-config-2.3.xsd
		http://www.springframework.org/schema/faces
		http://www.springframework.org/schema/faces/spring-faces-2.2.xsd">

	
	
    <!-- Dispatches requests mapped to flows to FlowHandler implementations -->
    <bean class="org.springframework.faces.webflow.JsfFlowHandlerAdapter">
    	<property name="flowExecutor" ref="flowExecutor" />
    </bean>
    
    <!-- Executes flows: the entry point into the Spring Web Flow system -->
    <webflow:flow-executor id="flowExecutor">
    	<webflow:flow-execution-listeners>
    		<webflow:listener ref="facesContextListener"/>
    		<webflow:listener ref="securityListener" />
		</webflow:flow-execution-listeners>
    </webflow:flow-executor>
    
    
    <!-- The registry of executable flow definitions -->
	<webflow:flow-registry id="flowRegistry" flow-builder-services="flowBuilderServices">
		<webflow:flow-location-pattern value="/WEB-INF/flows/*-flow.xml" />
		<webflow:flow-location-pattern value="/WEB-INF/flows/**/*-flow.xml" />
		<webflow:flow-location-pattern value="*/**.xml" />
		<webflow:flow-location id="parent-flow" path="parent-flow.xml" />
	</webflow:flow-registry>
    
    <bean class="org.springframework.web.servlet.view.UrlBasedViewResolver">
		<property name="viewClass" value="org.springframework.faces.mvc.JsfView" />
		<property name="prefix" value="/WEB-INF/views/" />
		<property name="suffix" value=".xhtml" />
	</bean>
    
    <!-- Configures the Spring Web Flow JSF integration -->
	<faces:flow-builder-services id="flowBuilderServices" />

	<!-- A listener maintain one FacesContext instance per Web Flow request. -->
	<bean id="facesContextListener" class="org.springframework.faces.webflow.FlowFacesContextLifecycleListener" />
	
    
	<!-- Handle request after MVC controllers -->       
	<bean class="org.springframework.webflow.mvc.servlet.FlowHandlerMapping">
	    <property name="flowRegistry" ref="flowRegistry"/>
	    <property name="order" value="0"/>
	</bean>

</beans>